Command line invocation:
    /Applications/Xcode.app/Contents/Developer/usr/bin/xcodebuild -scheme VibeWatchApp -destination "platform=iOS Simulator,name=iPhone 16,OS=18.5" build

Resolve Package Graph


Resolved source packages:
  AppCheck: https://github.com/google/app-check.git @ 11.2.0
  xctest-dynamic-overlay: https://github.com/pointfreeco/xctest-dynamic-overlay @ 1.9.0
  leveldb: https://github.com/firebase/leveldb.git @ 1.22.5
  GoogleMobileAds: https://github.com/googleads/swift-package-manager-google-mobile-ads @ 12.14.0
  swift-concurrency-extras: https://github.com/pointfreeco/swift-concurrency-extras @ 1.3.2
  GoogleUserMessagingPlatform: https://github.com/googleads/swift-package-manager-google-user-messaging-platform.git @ 3.1.0
  GTMSessionFetcher: https://github.com/google/gtm-session-fetcher.git @ 5.2.0
  swift-crypto: https://github.com/apple/swift-crypto.git @ 4.5.0
  Supabase: https://github.com/supabase-community/supabase-swift.git @ 2.45.0
  swift-clocks: https://github.com/pointfreeco/swift-clocks @ 1.0.6
  swift-asn1: https://github.com/apple/swift-asn1.git @ 1.7.0
  GoogleUtilities: https://github.com/google/GoogleUtilities.git @ 8.1.0
  Promises: https://github.com/google/promises.git @ 2.4.0
  swift-http-types: https://github.com/apple/swift-http-types.git @ 1.5.1
  gRPC: https://github.com/google/grpc-binary.git @ 1.69.1
  RevenueCat: https://github.com/RevenueCat/purchases-ios-spm.git @ 5.69.0
  YouTubeiOSPlayerHelper: https://github.com/youtube/youtube-ios-player-helper.git @ 1.0.4
  InteropForGoogle: https://github.com/google/interop-ios-for-google-sdks.git @ 101.0.0
  nanopb: https://github.com/firebase/nanopb.git @ 2.30910.0
  abseil: https://github.com/google/abseil-cpp-binary.git @ 1.2024072200.0
  GoogleAppMeasurement: https://github.com/google/GoogleAppMeasurement.git @ 12.12.1
  GoogleDataTransport: https://github.com/google/GoogleDataTransport.git @ 10.1.0
  Firebase: https://github.com/firebase/firebase-ios-sdk @ 12.12.1
  GoogleAdsOnDeviceConversion: https://github.com/googleads/google-ads-on-device-conversion-ios-sdk @ 3.5.0

--- xcodebuild: WARNING: Using the first of multiple matching destinations:
{ platform:iOS Simulator, arch:arm64, id:601C4430-6213-49E3-8A4D-3564B2B57E2A, OS:18.5, name:iPhone 16 }
{ platform:iOS Simulator, arch:x86_64, id:601C4430-6213-49E3-8A4D-3564B2B57E2A, OS:18.5, name:iPhone 16 }
ComputePackagePrebuildTargetDependencyGraph

Prepare packages

CreateBuildRequest

SendProjectDescription

CreateBuildOperation

ComputeTargetDependencyGraph
note: Building targets in dependency order
note: Target dependency graph (79 targets)
    Target 'VibeWatchApp' in project 'VibeWatchApp'
        ➜ Explicit dependency on target 'RevenueCat' in project 'RevenueCat'
        ➜ Explicit dependency on target 'PostgREST' in project 'Supabase'
        ➜ Explicit dependency on target 'FirebaseMessaging' in project 'Firebase'
        ➜ Explicit dependency on target 'GoogleMobileAds' in project 'GoogleMobileAds'
        ➜ Explicit dependency on target 'Auth' in project 'Supabase'
        ➜ Explicit dependency on target 'RevenueCatUI' in project 'RevenueCat'
        ➜ Explicit dependency on target 'FirebaseCore' in project 'Firebase'
        ➜ Explicit dependency on target 'Supabase' in project 'Supabase'
        ➜ Explicit dependency on target 'YouTubeiOSPlayerHelper' in project 'YouTubeiOSPlayerHelper'
    Target 'YouTubeiOSPlayerHelper' in project 'YouTubeiOSPlayerHelper'
        ➜ Explicit dependency on target 'YouTubeiOSPlayerHelper' in project 'YouTubeiOSPlayerHelper'
        ➜ Explicit dependency on target 'YouTubeiOSPlayerHelper_YouTubeiOSPlayerHelper' in project 'YouTubeiOSPlayerHelper'
    Target 'YouTubeiOSPlayerHelper' in project 'YouTubeiOSPlayerHelper'
        ➜ Explicit dependency on target 'YouTubeiOSPlayerHelper_YouTubeiOSPlayerHelper' in project 'YouTubeiOSPlayerHelper'
    Target 'YouTubeiOSPlayerHelper_YouTubeiOSPlayerHelper' in project 'YouTubeiOSPlayerHelper' (no dependencies)
    Target 'Supabase' in project 'Supabase'
        ➜ Explicit dependency on target 'Supabase' in project 'Supabase'
        ➜ Explicit dependency on target 'Helpers' in project 'Supabase'
        ➜ Explicit dependency on target 'Auth' in project 'Supabase'
        ➜ Explicit dependency on target 'Functions' in project 'Supabase'
        ➜ Explicit dependency on target 'PostgREST' in project 'Supabase'
        ➜ Explicit dependency on target 'Realtime' in project 'Supabase'
        ➜ Explicit dependency on target 'Storage' in project 'Supabase'
        ➜ Explicit dependency on target 'ConcurrencyExtras' in project 'swift-concurrency-extras'
        ➜ Explicit dependency on target 'HTTPTypes' in project 'swift-http-types'
        ➜ Explicit dependency on target 'Clocks' in project 'swift-clocks'
        ➜ Explicit dependency on target 'XCTestDynamicOverlay' in project 'xctest-dynamic-overlay'
        ➜ Explicit dependency on target 'Crypto' in project 'swift-crypto'
        ➜ Explicit dependency on target 'IssueReporting' in project 'xctest-dynamic-overlay'
    Target 'Supabase' in project 'Supabase'
        ➜ Explicit dependency on target 'Helpers' in project 'Supabase'
        ➜ Explicit dependency on target 'Auth' in project 'Supabase'
        ➜ Explicit dependency on target 'Functions' in project 'Supabase'
        ➜ Explicit dependency on target 'PostgREST' in project 'Supabase'
        ➜ Explicit dependency on target 'Realtime' in project 'Supabase'
        ➜ Explicit dependency on target 'Storage' in project 'Supabase'
        ➜ Explicit dependency on target 'ConcurrencyExtras' in project 'swift-concurrency-extras'
        ➜ Explicit dependency on target 'HTTPTypes' in project 'swift-http-types'
        ➜ Explicit dependency on target 'Clocks' in project 'swift-clocks'
        ➜ Explicit dependency on target 'XCTestDynamicOverlay' in project 'xctest-dynamic-overlay'
        ➜ Explicit dependency on target 'Crypto' in project 'swift-crypto'
        ➜ Explicit dependency on target 'IssueReporting' in project 'xctest-dynamic-overlay'
    Target 'Storage' in project 'Supabase'
        ➜ Explicit dependency on target 'Helpers' in project 'Supabase'
        ➜ Explicit dependency on target 'ConcurrencyExtras' in project 'swift-concurrency-extras'
        ➜ Explicit dependency on target 'HTTPTypes' in project 'swift-http-types'
        ➜ Explicit dependency on target 'Clocks' in project 'swift-clocks'
        ➜ Explicit dependency on target 'XCTestDynamicOverlay' in project 'xctest-dynamic-overlay'
    Target 'Realtime' in project 'Supabase'
        ➜ Explicit dependency on target 'Helpers' in project 'Supabase'
        ➜ Explicit dependency on target 'ConcurrencyExtras' in project 'swift-concurrency-extras'
        ➜ Explicit dependency on target 'HTTPTypes' in project 'swift-http-types'
        ➜ Explicit dependency on target 'Clocks' in project 'swift-clocks'
        ➜ Explicit dependency on target 'XCTestDynamicOverlay' in project 'xctest-dynamic-overlay'
        ➜ Explicit dependency on target 'IssueReporting' in project 'xctest-dynamic-overlay'
    Target 'Functions' in project 'Supabase'
        ➜ Explicit dependency on target 'Helpers' in project 'Supabase'
        ➜ Explicit dependency on target 'ConcurrencyExtras' in project 'swift-concurrency-extras'
        ➜ Explicit dependency on target 'HTTPTypes' in project 'swift-http-types'
        ➜ Explicit dependency on target 'Clocks' in project 'swift-clocks'
        ➜ Explicit dependency on target 'XCTestDynamicOverlay' in project 'xctest-dynamic-overlay'
    Target 'FirebaseCore' in project 'Firebase'
        ➜ Explicit dependency on target 'FirebaseCore' in project 'Firebase'
        ➜ Explicit dependency on target 'Firebase_FirebaseCore' in project 'Firebase'
        ➜ Explicit dependency on target 'Firebase' in project 'Firebase'
        ➜ Explicit dependency on target 'FirebaseCoreInternal' in project 'Firebase'
        ➜ Explicit dependency on target 'GULNSData' in project 'GoogleUtilities'
        ➜ Explicit dependency on target 'GULEnvironment' in project 'GoogleUtilities'
        ➜ Explicit dependency on target 'GULLogger' in project 'GoogleUtilities'
    Target 'RevenueCatUI' in project 'RevenueCat'
        ➜ Explicit dependency on target 'RevenueCatUI' in project 'RevenueCat'
        ➜ Explicit dependency on target 'RevenueCat_RevenueCatUI' in project 'RevenueCat'
        ➜ Explicit dependency on target 'RevenueCat' in project 'RevenueCat'
    Target 'RevenueCatUI' in project 'RevenueCat'
        ➜ Explicit dependency on target 'RevenueCat_RevenueCatUI' in project 'RevenueCat'
        ➜ Explicit dependency on target 'RevenueCat' in project 'RevenueCat'
    Target 'RevenueCat_RevenueCatUI' in project 'RevenueCat' (no dependencies)
    Target 'Auth' in project 'Supabase'
        ➜ Explicit dependency on target 'Auth' in project 'Supabase'
        ➜ Explicit dependency on target 'Helpers' in project 'Supabase'
        ➜ Explicit dependency on target 'ConcurrencyExtras' in project 'swift-concurrency-extras'
        ➜ Explicit dependency on target 'HTTPTypes' in project 'swift-http-types'
        ➜ Explicit dependency on target 'Clocks' in project 'swift-clocks'
        ➜ Explicit dependency on target 'XCTestDynamicOverlay' in project 'xctest-dynamic-overlay'
        ➜ Explicit dependency on target 'Crypto' in project 'swift-crypto'
    Target 'Auth' in project 'Supabase'
        ➜ Explicit dependency on target 'Helpers' in project 'Supabase'
        ➜ Explicit dependency on target 'ConcurrencyExtras' in project 'swift-concurrency-extras'
        ➜ Explicit dependency on target 'HTTPTypes' in project 'swift-http-types'
        ➜ Explicit dependency on target 'Clocks' in project 'swift-clocks'
        ➜ Explicit dependency on target 'XCTestDynamicOverlay' in project 'xctest-dynamic-overlay'
        ➜ Explicit dependency on target 'Crypto' in project 'swift-crypto'
    Target 'Crypto' in project 'swift-crypto'
        ➜ Explicit dependency on target 'Crypto' in project 'swift-crypto'
        ➜ Explicit dependency on target 'swift-crypto_Crypto' in project 'swift-crypto'
    Target 'Crypto' in project 'swift-crypto'
        ➜ Explicit dependency on target 'swift-crypto_Crypto' in project 'swift-crypto'
    Target 'swift-crypto_Crypto' in project 'swift-crypto' (no dependencies)
    Target 'GoogleMobileAds' in project 'GoogleMobileAds'
        ➜ Explicit dependency on target 'GoogleMobileAdsTarget' in project 'GoogleMobileAds'
        ➜ Explicit dependency on target 'GoogleUserMessagingPlatform' in project 'GoogleUserMessagingPlatform'
    Target 'GoogleMobileAdsTarget' in project 'GoogleMobileAds'
        ➜ Explicit dependency on target 'GoogleUserMessagingPlatform' in project 'GoogleUserMessagingPlatform'
    Target 'GoogleUserMessagingPlatform' in project 'GoogleUserMessagingPlatform'
        ➜ Explicit dependency on target 'UserMessagingPlatformTarget' in project 'GoogleUserMessagingPlatform'
    Target 'UserMessagingPlatformTarget' in project 'GoogleUserMessagingPlatform' (no dependencies)
    Target 'FirebaseMessaging' in project 'Firebase'
        ➜ Explicit dependency on target 'FirebaseMessaging' in project 'Firebase'
        ➜ Explicit dependency on target 'Firebase_FirebaseMessaging' in project 'Firebase'
        ➜ Explicit dependency on target 'Firebase' in project 'Firebase'
        ➜ Explicit dependency on target 'FirebaseCoreInternal' in project 'Firebase'
        ➜ Explicit dependency on target 'FirebaseCore' in project 'Firebase'
        ➜ Explicit dependency on target 'FirebaseInstallations' in project 'Firebase'
        ➜ Explicit dependency on target 'GULNSData' in project 'GoogleUtilities'
        ➜ Explicit dependency on target 'GULEnvironment' in project 'GoogleUtilities'
        ➜ Explicit dependency on target 'GULLogger' in project 'GoogleUtilities'
        ➜ Explicit dependency on target 'FBLPromises' in project 'Promises'
        ➜ Explicit dependency on target 'GULUserDefaults' in project 'GoogleUtilities'
        ➜ Explicit dependency on target 'GULAppDelegateSwizzler' in project 'GoogleUtilities'
        ➜ Explicit dependency on target 'GULReachability' in project 'GoogleUtilities'
        ➜ Explicit dependency on target 'GoogleDataTransport' in project 'GoogleDataTransport'
        ➜ Explicit dependency on target 'nanopb' in project 'nanopb'
    Target 'FirebaseMessaging' in project 'Firebase'
        ➜ Explicit dependency on target 'Firebase_FirebaseMessaging' in project 'Firebase'
        ➜ Explicit dependency on target 'Firebase' in project 'Firebase'
        ➜ Explicit dependency on target 'FirebaseCoreInternal' in project 'Firebase'
        ➜ Explicit dependency on target 'FirebaseCore' in project 'Firebase'
        ➜ Explicit dependency on target 'FirebaseInstallations' in project 'Firebase'
        ➜ Explicit dependency on target 'GULNSData' in project 'GoogleUtilities'
        ➜ Explicit dependency on target 'GULEnvironment' in project 'GoogleUtilities'
        ➜ Explicit dependency on target 'GULLogger' in project 'GoogleUtilities'
        ➜ Explicit dependency on target 'FBLPromises' in project 'Promises'
        ➜ Explicit dependency on target 'GULUserDefaults' in project 'GoogleUtilities'
        ➜ Explicit dependency on target 'GULAppDelegateSwizzler' in project 'GoogleUtilities'
        ➜ Explicit dependency on target 'GULReachability' in project 'GoogleUtilities'
        ➜ Explicit dependency on target 'GoogleDataTransport' in project 'GoogleDataTransport'
        ➜ Explicit dependency on target 'nanopb' in project 'nanopb'
    Target 'GoogleDataTransport' in project 'GoogleDataTransport'
        ➜ Explicit dependency on target 'GoogleDataTransport' in project 'GoogleDataTransport'
        ➜ Explicit dependency on target 'GoogleDataTransport_GoogleDataTransport' in project 'GoogleDataTransport'
        ➜ Explicit dependency on target 'nanopb' in project 'nanopb'
        ➜ Explicit dependency on target 'FBLPromises' in project 'Promises'
    Target 'GoogleDataTransport' in project 'GoogleDataTransport'
        ➜ Explicit dependency on target 'GoogleDataTransport_GoogleDataTransport' in project 'GoogleDataTransport'
        ➜ Explicit dependency on target 'nanopb' in project 'nanopb'
        ➜ Explicit dependency on target 'FBLPromises' in project 'Promises'
    Target 'nanopb' in project 'nanopb'
        ➜ Explicit dependency on target 'nanopb' in project 'nanopb'
        ➜ Explicit dependency on target 'nanopb_nanopb' in project 'nanopb'
    Target 'nanopb' in project 'nanopb'
        ➜ Explicit dependency on target 'nanopb_nanopb' in project 'nanopb'
    Target 'nanopb_nanopb' in project 'nanopb' (no dependencies)
    Target 'GoogleDataTransport_GoogleDataTransport' in project 'GoogleDataTransport' (no dependencies)
    Target 'GULReachability' in project 'GoogleUtilities'
        ➜ Explicit dependency on target 'GoogleUtilities-Reachability' in project 'GoogleUtilities'
        ➜ Explicit dependency on target 'GoogleUtilities_GoogleUtilities-Reachability' in project 'GoogleUtilities'
        ➜ Explicit dependency on target 'third-party-IsAppEncrypted' in project 'GoogleUtilities'
        ➜ Explicit dependency on target 'GoogleUtilities-Environment' in project 'GoogleUtilities'
        ➜ Explicit dependency on target 'GoogleUtilities-Logger' in project 'GoogleUtilities'
    Target 'GULAppDelegateSwizzler' in project 'GoogleUtilities'
        ➜ Explicit dependency on target 'GoogleUtilities-AppDelegateSwizzler' in project 'GoogleUtilities'
        ➜ Explicit dependency on target 'GoogleUtilities_GoogleUtilities-AppDelegateSwizzler' in project 'GoogleUtilities'
        ➜ Explicit dependency on target 'third-party-IsAppEncrypted' in project 'GoogleUtilities'
        ➜ Explicit dependency on target 'GoogleUtilities-Environment' in project 'GoogleUtilities'
        ➜ Explicit dependency on target 'GoogleUtilities-Logger' in project 'GoogleUtilities'
        ➜ Explicit dependency on target 'GoogleUtilities-NSData' in project 'GoogleUtilities'
        ➜ Explicit dependency on target 'GoogleUtilities-Reachability' in project 'GoogleUtilities'
        ➜ Explicit dependency on target 'GoogleUtilities-Network' in project 'GoogleUtilities'
    Target 'GoogleUtilities-AppDelegateSwizzler' in project 'GoogleUtilities'
        ➜ Explicit dependency on target 'GoogleUtilities_GoogleUtilities-AppDelegateSwizzler' in project 'GoogleUtilities'
        ➜ Explicit dependency on target 'third-party-IsAppEncrypted' in project 'GoogleUtilities'
        ➜ Explicit dependency on target 'GoogleUtilities-Environment' in project 'GoogleUtilities'
        ➜ Explicit dependency on target 'GoogleUtilities-Logger' in project 'GoogleUtilities'
        ➜ Explicit dependency on target 'GoogleUtilities-NSData' in project 'GoogleUtilities'
        ➜ Explicit dependency on target 'GoogleUtilities-Reachability' in project 'GoogleUtilities'
        ➜ Explicit dependency on target 'GoogleUtilities-Network' in project 'GoogleUtilities'
    Target 'GoogleUtilities-Network' in project 'GoogleUtilities'
        ➜ Explicit dependency on target 'GoogleUtilities_GoogleUtilities-Network' in project 'GoogleUtilities'
        ➜ Explicit dependency on target 'third-party-IsAppEncrypted' in project 'GoogleUtilities'
        ➜ Explicit dependency on target 'GoogleUtilities-Environment' in project 'GoogleUtilities'
        ➜ Explicit dependency on target 'GoogleUtilities-Logger' in project 'GoogleUtilities'
        ➜ Explicit dependency on target 'GoogleUtilities-NSData' in project 'GoogleUtilities'
        ➜ Explicit dependency on target 'GoogleUtilities-Reachability' in project 'GoogleUtilities'
    Target 'GoogleUtilities_GoogleUtilities-Network' in project 'GoogleUtilities' (no dependencies)
    Target 'GoogleUtilities-Reachability' in project 'GoogleUtilities'
        ➜ Explicit dependency on target 'GoogleUtilities_GoogleUtilities-Reachability' in project 'GoogleUtilities'
        ➜ Explicit dependency on target 'third-party-IsAppEncrypted' in project 'GoogleUtilities'
        ➜ Explicit dependency on target 'GoogleUtilities-Environment' in project 'GoogleUtilities'
        ➜ Explicit dependency on target 'GoogleUtilities-Logger' in project 'GoogleUtilities'
    Target 'GoogleUtilities_GoogleUtilities-Reachability' in project 'GoogleUtilities' (no dependencies)
    Target 'GoogleUtilities_GoogleUtilities-AppDelegateSwizzler' in project 'GoogleUtilities' (no dependencies)
    Target 'FirebaseInstallations' in project 'Firebase'
        ➜ Explicit dependency on target 'Firebase_FirebaseInstallations' in project 'Firebase'
        ➜ Explicit dependency on target 'Firebase' in project 'Firebase'
        ➜ Explicit dependency on target 'FirebaseCoreInternal' in project 'Firebase'
        ➜ Explicit dependency on target 'FirebaseCore' in project 'Firebase'
        ➜ Explicit dependency on target 'GULNSData' in project 'GoogleUtilities'
        ➜ Explicit dependency on target 'GULEnvironment' in project 'GoogleUtilities'
        ➜ Explicit dependency on target 'GULLogger' in project 'GoogleUtilities'
        ➜ Explicit dependency on target 'FBLPromises' in project 'Promises'
        ➜ Explicit dependency on target 'GULUserDefaults' in project 'GoogleUtilities'
    Target 'GULUserDefaults' in project 'GoogleUtilities'
        ➜ Explicit dependency on target 'GoogleUtilities-UserDefaults' in project 'GoogleUtilities'
        ➜ Explicit dependency on target 'GoogleUtilities_GoogleUtilities-UserDefaults' in project 'GoogleUtilities'
        ➜ Explicit dependency on target 'third-party-IsAppEncrypted' in project 'GoogleUtilities'
        ➜ Explicit dependency on target 'GoogleUtilities-Environment' in project 'GoogleUtilities'
        ➜ Explicit dependency on target 'GoogleUtilities-Logger' in project 'GoogleUtilities'
    Target 'GoogleUtilities-UserDefaults' in project 'GoogleUtilities'
        ➜ Explicit dependency on target 'GoogleUtilities_GoogleUtilities-UserDefaults' in project 'GoogleUtilities'
        ➜ Explicit dependency on target 'third-party-IsAppEncrypted' in project 'GoogleUtilities'
        ➜ Explicit dependency on target 'GoogleUtilities-Environment' in project 'GoogleUtilities'
        ➜ Explicit dependency on target 'GoogleUtilities-Logger' in project 'GoogleUtilities'
    Target 'GoogleUtilities_GoogleUtilities-UserDefaults' in project 'GoogleUtilities' (no dependencies)
    Target 'FBLPromises' in project 'Promises'
        ➜ Explicit dependency on target 'FBLPromises' in project 'Promises'
        ➜ Explicit dependency on target 'Promises_FBLPromises' in project 'Promises'
    Target 'FBLPromises' in project 'Promises'
        ➜ Explicit dependency on target 'Promises_FBLPromises' in project 'Promises'
    Target 'Promises_FBLPromises' in project 'Promises' (no dependencies)
    Target 'Firebase_FirebaseInstallations' in project 'Firebase' (no dependencies)
    Target 'FirebaseCore' in project 'Firebase'
        ➜ Explicit dependency on target 'Firebase_FirebaseCore' in project 'Firebase'
        ➜ Explicit dependency on target 'Firebase' in project 'Firebase'
        ➜ Explicit dependency on target 'FirebaseCoreInternal' in project 'Firebase'
        ➜ Explicit dependency on target 'GULNSData' in project 'GoogleUtilities'
        ➜ Explicit dependency on target 'GULEnvironment' in project 'GoogleUtilities'
        ➜ Explicit dependency on target 'GULLogger' in project 'GoogleUtilities'
    Target 'GULLogger' in project 'GoogleUtilities'
        ➜ Explicit dependency on target 'GoogleUtilities-Logger' in project 'GoogleUtilities'
        ➜ Explicit dependency on target 'GoogleUtilities_GoogleUtilities-Logger' in project 'GoogleUtilities'
        ➜ Explicit dependency on target 'third-party-IsAppEncrypted' in project 'GoogleUtilities'
        ➜ Explicit dependency on target 'GoogleUtilities-Environment' in project 'GoogleUtilities'
    Target 'GoogleUtilities-Logger' in project 'GoogleUtilities'
        ➜ Explicit dependency on target 'GoogleUtilities_GoogleUtilities-Logger' in project 'GoogleUtilities'
        ➜ Explicit dependency on target 'third-party-IsAppEncrypted' in project 'GoogleUtilities'
        ➜ Explicit dependency on target 'GoogleUtilities-Environment' in project 'GoogleUtilities'
    Target 'GoogleUtilities_GoogleUtilities-Logger' in project 'GoogleUtilities' (no dependencies)
    Target 'GULEnvironment' in project 'GoogleUtilities'
        ➜ Explicit dependency on target 'GoogleUtilities-Environment' in project 'GoogleUtilities'
        ➜ Explicit dependency on target 'GoogleUtilities_GoogleUtilities-Environment' in project 'GoogleUtilities'
        ➜ Explicit dependency on target 'third-party-IsAppEncrypted' in project 'GoogleUtilities'
    Target 'GoogleUtilities-Environment' in project 'GoogleUtilities'
        ➜ Explicit dependency on target 'GoogleUtilities_GoogleUtilities-Environment' in project 'GoogleUtilities'
        ➜ Explicit dependency on target 'third-party-IsAppEncrypted' in project 'GoogleUtilities'
    Target 'third-party-IsAppEncrypted' in project 'GoogleUtilities' (no dependencies)
    Target 'GoogleUtilities_GoogleUtilities-Environment' in project 'GoogleUtilities' (no dependencies)
    Target 'Firebase_FirebaseCore' in project 'Firebase' (no dependencies)
    Target 'FirebaseCoreInternal' in project 'Firebase'
        ➜ Explicit dependency on target 'Firebase_FirebaseCoreInternal' in project 'Firebase'
        ➜ Explicit dependency on target 'GULNSData' in project 'GoogleUtilities'
    Target 'GULNSData' in project 'GoogleUtilities'
        ➜ Explicit dependency on target 'GoogleUtilities-NSData' in project 'GoogleUtilities'
        ➜ Explicit dependency on target 'GoogleUtilities_GoogleUtilities-NSData' in project 'GoogleUtilities'
    Target 'GoogleUtilities-NSData' in project 'GoogleUtilities'
        ➜ Explicit dependency on target 'GoogleUtilities_GoogleUtilities-NSData' in project 'GoogleUtilities'
    Target 'GoogleUtilities_GoogleUtilities-NSData' in project 'GoogleUtilities' (no dependencies)
    Target 'Firebase_FirebaseCoreInternal' in project 'Firebase' (no dependencies)
    Target 'Firebase' in project 'Firebase' (no dependencies)
    Target 'Firebase_FirebaseMessaging' in project 'Firebase' (no dependencies)
    Target 'PostgREST' in project 'Supabase'
        ➜ Explicit dependency on target 'PostgREST' in project 'Supabase'
        ➜ Explicit dependency on target 'Helpers' in project 'Supabase'
        ➜ Explicit dependency on target 'ConcurrencyExtras' in project 'swift-concurrency-extras'
        ➜ Explicit dependency on target 'HTTPTypes' in project 'swift-http-types'
        ➜ Explicit dependency on target 'Clocks' in project 'swift-clocks'
        ➜ Explicit dependency on target 'XCTestDynamicOverlay' in project 'xctest-dynamic-overlay'
    Target 'PostgREST' in project 'Supabase'
        ➜ Explicit dependency on target 'Helpers' in project 'Supabase'
        ➜ Explicit dependency on target 'ConcurrencyExtras' in project 'swift-concurrency-extras'
        ➜ Explicit dependency on target 'HTTPTypes' in project 'swift-http-types'
        ➜ Explicit dependency on target 'Clocks' in project 'swift-clocks'
        ➜ Explicit dependency on target 'XCTestDynamicOverlay' in project 'xctest-dynamic-overlay'
    Target 'Helpers' in project 'Supabase'
        ➜ Explicit dependency on target 'ConcurrencyExtras' in project 'swift-concurrency-extras'
        ➜ Explicit dependency on target 'HTTPTypes' in project 'swift-http-types'
        ➜ Explicit dependency on target 'Clocks' in project 'swift-clocks'
        ➜ Explicit dependency on target 'XCTestDynamicOverlay' in project 'xctest-dynamic-overlay'
    Target 'XCTestDynamicOverlay' in project 'xctest-dynamic-overlay'
        ➜ Explicit dependency on target 'XCTestDynamicOverlay' in project 'xctest-dynamic-overlay'
        ➜ Explicit dependency on target 'IssueReportingPackageSupport' in project 'xctest-dynamic-overlay'
        ➜ Explicit dependency on target 'IssueReporting' in project 'xctest-dynamic-overlay'
    Target 'XCTestDynamicOverlay' in project 'xctest-dynamic-overlay'
        ➜ Explicit dependency on target 'IssueReportingPackageSupport' in project 'xctest-dynamic-overlay'
        ➜ Explicit dependency on target 'IssueReporting' in project 'xctest-dynamic-overlay'
    Target 'Clocks' in project 'swift-clocks'
        ➜ Explicit dependency on target 'Clocks' in project 'swift-clocks'
        ➜ Explicit dependency on target 'ConcurrencyExtras' in project 'swift-concurrency-extras'
        ➜ Explicit dependency on target 'IssueReporting' in project 'xctest-dynamic-overlay'
    Target 'Clocks' in project 'swift-clocks'
        ➜ Explicit dependency on target 'ConcurrencyExtras' in project 'swift-concurrency-extras'
        ➜ Explicit dependency on target 'IssueReporting' in project 'xctest-dynamic-overlay'
    Target 'IssueReporting' in project 'xctest-dynamic-overlay'
        ➜ Explicit dependency on target 'IssueReporting' in project 'xctest-dynamic-overlay'
        ➜ Explicit dependency on target 'IssueReportingPackageSupport' in project 'xctest-dynamic-overlay'
    Target 'IssueReporting' in project 'xctest-dynamic-overlay'
        ➜ Explicit dependency on target 'IssueReportingPackageSupport' in project 'xctest-dynamic-overlay'
    Target 'IssueReportingPackageSupport' in project 'xctest-dynamic-overlay' (no dependencies)
    Target 'HTTPTypes' in project 'swift-http-types'
        ➜ Explicit dependency on target 'HTTPTypes' in project 'swift-http-types'
    Target 'HTTPTypes' in project 'swift-http-types' (no dependencies)
    Target 'ConcurrencyExtras' in project 'swift-concurrency-extras'
        ➜ Explicit dependency on target 'ConcurrencyExtras' in project 'swift-concurrency-extras'
    Target 'ConcurrencyExtras' in project 'swift-concurrency-extras' (no dependencies)
    Target 'RevenueCat' in project 'RevenueCat'
        ➜ Explicit dependency on target 'RevenueCat' in project 'RevenueCat'
        ➜ Explicit dependency on target 'RevenueCat_RevenueCat' in project 'RevenueCat'
    Target 'RevenueCat' in project 'RevenueCat'
        ➜ Explicit dependency on target 'RevenueCat_RevenueCat' in project 'RevenueCat'
    Target 'RevenueCat_RevenueCat' in project 'RevenueCat' (no dependencies)

GatherProvisioningInputs

CreateBuildDescription

ExecuteExternalTool /Applications/Xcode.app/Contents/Developer/Toolchains/XcodeDefault.xctoolchain/usr/bin/swiftc --version

ExecuteExternalTool /Applications/Xcode.app/Contents/Developer/Toolchains/XcodeDefault.xctoolchain/usr/bin/clang -v -E -dM -arch arm64 -isysroot /Applications/Xcode.app/Contents/Developer/Platforms/iPhoneSimulator.platform/Developer/SDKs/iPhoneSimulator26.2.sdk -x objective-c -c /dev/null

ExecuteExternalTool /Applications/Xcode.app/Contents/Developer/usr/bin/actool --version --output-format xml1

ExecuteExternalTool /Applications/Xcode.app/Contents/Developer/Toolchains/XcodeDefault.xctoolchain/usr/bin/clang -v -E -dM -isysroot /Applications/Xcode.app/Contents/Developer/Platforms/iPhoneSimulator.platform/Developer/SDKs/iPhoneSimulator26.2.sdk -x c -c /dev/null

ExecuteExternalTool /Applications/Xcode.app/Contents/Developer/usr/bin/actool --print-asset-tag-combinations --output-format xml1 /Users/nicola/Documents/StartingVibeApps/VibeWatch/.worktrees/data-layer-notifications-refactor/VibeWatch/VibeWatchApp/Assets.xcassets

ExecuteExternalTool /Applications/Xcode.app/Contents/Developer/Toolchains/XcodeDefault.xctoolchain/usr/bin/clang -v -E -dM -arch arm64 -isysroot /Applications/Xcode.app/Contents/Developer/Platforms/iPhoneSimulator.platform/Developer/SDKs/iPhoneSimulator26.2.sdk -x c -c /dev/null

ExecuteExternalTool /Applications/Xcode.app/Contents/Developer/Toolchains/XcodeDefault.xctoolchain/usr/bin/ld -version_details

ReadFileContents /Applications/Xcode.app/Contents/Developer/Toolchains/XcodeDefault.xctoolchain/usr/share/docc/features.json

Build description signature: 00dd7f524104414c54cb2902d362f6ca
Build description path: /Users/nicola/Library/Developer/Xcode/DerivedData/VibeWatchApp-fejkxouadzscgxcomkozzhgylxpi/Build/Intermediates.noindex/XCBuildData/00dd7f524104414c54cb2902d362f6ca.xcbuilddata
ClangStatCache /Applications/Xcode.app/Contents/Developer/Toolchains/XcodeDefault.xctoolchain/usr/bin/clang-stat-cache /Applications/Xcode.app/Contents/Developer/Platforms/iPhoneSimulator.platform/Developer/SDKs/iPhoneSimulator26.2.sdk /Users/nicola/Library/Developer/Xcode/DerivedData/SDKStatCaches.noindex/iphonesimulator26.2-23C53-7d00a8b37fbd7999ea79df8ebc024bf0.sdkstatcache
    cd /Users/nicola/Documents/StartingVibeApps/VibeWatch/.worktrees/data-layer-notifications-refactor/VibeWatch/VibeWatchApp.xcodeproj
    /Applications/Xcode.app/Contents/Developer/Toolchains/XcodeDefault.xctoolchain/usr/bin/clang-stat-cache /Applications/Xcode.app/Contents/Developer/Platforms/iPhoneSimulator.platform/Developer/SDKs/iPhoneSimulator26.2.sdk -o /Users/nicola/Library/Developer/Xcode/DerivedData/SDKStatCaches.noindex/iphonesimulator26.2-23C53-7d00a8b37fbd7999ea79df8ebc024bf0.sdkstatcache

ProcessInfoPlistFile /Users/nicola/Library/Developer/Xcode/DerivedData/VibeWatchApp-fejkxouadzscgxcomkozzhgylxpi/Build/Products/Release-iphonesimulator/GoogleUtilities_GoogleUtilities-AppDelegateSwizzler.bundle/Info.plist /Users/nicola/Library/Developer/Xcode/DerivedData/VibeWatchApp-fejkxouadzscgxcomkozzhgylxpi/Build/Intermediates.noindex/GoogleUtilities.build/Release-iphonesimulator/GoogleUtilities_GoogleUtilities-AppDelegateSwizzler.build/empty-GoogleUtilities_GoogleUtilities-AppDelegateSwizzler.plist (in target 'GoogleUtilities_GoogleUtilities-AppDelegateSwizzler' from project 'GoogleUtilities')
    cd /Users/nicola/Library/Developer/Xcode/DerivedData/VibeWatchApp-fejkxouadzscgxcomkozzhgylxpi/SourcePackages/checkouts/GoogleUtilities
    builtin-infoPlistUtility /Users/nicola/Library/Developer/Xcode/DerivedData/VibeWatchApp-fejkxouadzscgxcomkozzhgylxpi/Build/Intermediates.noindex/GoogleUtilities.build/Release-iphonesimulator/GoogleUtilities_GoogleUtilities-AppDelegateSwizzler.build/empty-GoogleUtilities_GoogleUtilities-AppDelegateSwizzler.plist -producttype com.apple.product-type.bundle -expandbuildsettings -format binary -platform iphonesimulator -o /Users/nicola/Library/Developer/Xcode/DerivedData/VibeWatchApp-fejkxouadzscgxcomkozzhgylxpi/Build/Products/Release-iphonesimulator/GoogleUtilities_GoogleUtilities-AppDelegateSwizzler.bundle/Info.plist

ProcessInfoPlistFile /Users/nicola/Library/Developer/Xcode/DerivedData/VibeWatchApp-fejkxouadzscgxcomkozzhgylxpi/Build/Products/Release-iphonesimulator/GoogleUtilities_GoogleUtilities-Environment.bundle/Info.plist /Users/nicola/Library/Developer/Xcode/DerivedData/VibeWatchApp-fejkxouadzscgxcomkozzhgylxpi/Build/Intermediates.noindex/GoogleUtilities.build/Release-iphonesimulator/GoogleUtilities_GoogleUtilities-Environment.build/empty-GoogleUtilities_GoogleUtilities-Environment.plist (in target 'GoogleUtilities_GoogleUtilities-Environment' from project 'GoogleUtilities')
    cd /Users/nicola/Library/Developer/Xcode/DerivedData/VibeWatchApp-fejkxouadzscgxcomkozzhgylxpi/SourcePackages/checkouts/GoogleUtilities
    builtin-infoPlistUtility /Users/nicola/Library/Developer/Xcode/DerivedData/VibeWatchApp-fejkxouadzscgxcomkozzhgylxpi/Build/Intermediates.noindex/GoogleUtilities.build/Release-iphonesimulator/GoogleUtilities_GoogleUtilities-Environment.build/empty-GoogleUtilities_GoogleUtilities-Environment.plist -producttype com.apple.product-type.bundle -expandbuildsettings -format binary -platform iphonesimulator -o /Users/nicola/Library/Developer/Xcode/DerivedData/VibeWatchApp-fejkxouadzscgxcomkozzhgylxpi/Build/Products/Release-iphonesimulator/GoogleUtilities_GoogleUtilities-Environment.bundle/Info.plist

ProcessInfoPlistFile /Users/nicola/Library/Developer/Xcode/DerivedData/VibeWatchApp-fejkxouadzscgxcomkozzhgylxpi/Build/Products/Release-iphonesimulator/GoogleUtilities_GoogleUtilities-Reachability.bundle/Info.plist /Users/nicola/Library/Developer/Xcode/DerivedData/VibeWatchApp-fejkxouadzscgxcomkozzhgylxpi/Build/Intermediates.noindex/GoogleUtilities.build/Release-iphonesimulator/GoogleUtilities_GoogleUtilities-Reachability.build/empty-GoogleUtilities_GoogleUtilities-Reachability.plist (in target 'GoogleUtilities_GoogleUtilities-Reachability' from project 'GoogleUtilities')
    cd /Users/nicola/Library/Developer/Xcode/DerivedData/VibeWatchApp-fejkxouadzscgxcomkozzhgylxpi/SourcePackages/checkouts/GoogleUtilities
    builtin-infoPlistUtility /Users/nicola/Library/Developer/Xcode/DerivedData/VibeWatchApp-fejkxouadzscgxcomkozzhgylxpi/Build/Intermediates.noindex/GoogleUtilities.build/Release-iphonesimulator/GoogleUtilities_GoogleUtilities-Reachability.build/empty-GoogleUtilities_GoogleUtilities-Reachability.plist -producttype com.apple.product-type.bundle -expandbuildsettings -format binary -platform iphonesimulator -o /Users/nicola/Library/Developer/Xcode/DerivedData/VibeWatchApp-fejkxouadzscgxcomkozzhgylxpi/Build/Products/Release-iphonesimulator/GoogleUtilities_GoogleUtilities-Reachability.bundle/Info.plist

ProcessInfoPlistFile /Users/nicola/Library/Developer/Xcode/DerivedData/VibeWatchApp-fejkxouadzscgxcomkozzhgylxpi/Build/Products/Release-iphonesimulator/GoogleDataTransport_GoogleDataTransport.bundle/Info.plist /Users/nicola/Library/Developer/Xcode/DerivedData/VibeWatchApp-fejkxouadzscgxcomkozzhgylxpi/Build/Intermediates.noindex/GoogleDataTransport.build/Release-iphonesimulator/GoogleDataTransport_GoogleDataTransport.build/empty-GoogleDataTransport_GoogleDataTransport.plist (in target 'GoogleDataTransport_GoogleDataTransport' from project 'GoogleDataTransport')
    cd /Users/nicola/Library/Developer/Xcode/DerivedData/VibeWatchApp-fejkxouadzscgxcomkozzhgylxpi/SourcePackages/checkouts/GoogleDataTransport
    builtin-infoPlistUtility /Users/nicola/Library/Developer/Xcode/DerivedData/VibeWatchApp-fejkxouadzscgxcomkozzhgylxpi/Build/Intermediates.noindex/GoogleDataTransport.build/Release-iphonesimulator/GoogleDataTransport_GoogleDataTransport.build/empty-GoogleDataTransport_GoogleDataTransport.plist -producttype com.apple.product-type.bundle -expandbuildsettings -format binary -platform iphonesimulator -o /Users/nicola/Library/Developer/Xcode/DerivedData/VibeWatchApp-fejkxouadzscgxcomkozzhgylxpi/Build/Products/Release-iphonesimulator/GoogleDataTransport_GoogleDataTransport.bundle/Info.plist

ProcessInfoPlistFile /Users/nicola/Library/Developer/Xcode/DerivedData/VibeWatchApp-fejkxouadzscgxcomkozzhgylxpi/Build/Products/Release-iphonesimulator/Firebase_FirebaseMessaging.bundle/Info.plist /Users/nicola/Library/Developer/Xcode/DerivedData/VibeWatchApp-fejkxouadzscgxcomkozzhgylxpi/Build/Intermediates.noindex/Firebase.build/Release-iphonesimulator/Firebase_FirebaseMessaging.build/empty-Firebase_FirebaseMessaging.plist (in target 'Firebase_FirebaseMessaging' from project 'Firebase')
    cd /Users/nicola/Library/Developer/Xcode/DerivedData/VibeWatchApp-fejkxouadzscgxcomkozzhgylxpi/SourcePackages/checkouts/firebase-ios-sdk
    builtin-infoPlistUtility /Users/nicola/Library/Developer/Xcode/DerivedData/VibeWatchApp-fejkxouadzscgxcomkozzhgylxpi/Build/Intermediates.noindex/Firebase.build/Release-iphonesimulator/Firebase_FirebaseMessaging.build/empty-Firebase_FirebaseMessaging.plist -producttype com.apple.product-type.bundle -expandbuildsettings -format binary -platform iphonesimulator -o /Users/nicola/Library/Developer/Xcode/DerivedData/VibeWatchApp-fejkxouadzscgxcomkozzhgylxpi/Build/Products/Release-iphonesimulator/Firebase_FirebaseMessaging.bundle/Info.plist

ProcessInfoPlistFile /Users/nicola/Library/Developer/Xcode/DerivedData/VibeWatchApp-fejkxouadzscgxcomkozzhgylxpi/Build/Products/Release-iphonesimulator/GoogleUtilities_GoogleUtilities-Logger.bundle/Info.plist /Users/nicola/Library/Developer/Xcode/DerivedData/VibeWatchApp-fejkxouadzscgxcomkozzhgylxpi/Build/Intermediates.noindex/GoogleUtilities.build/Release-iphonesimulator/GoogleUtilities_GoogleUtilities-Logger.build/empty-GoogleUtilities_GoogleUtilities-Logger.plist (in target 'GoogleUtilities_GoogleUtilities-Logger' from project 'GoogleUtilities')
    cd /Users/nicola/Library/Developer/Xcode/DerivedData/VibeWatchApp-fejkxouadzscgxcomkozzhgylxpi/SourcePackages/checkouts/GoogleUtilities
    builtin-infoPlistUtility /Users/nicola/Library/Developer/Xcode/DerivedData/VibeWatchApp-fejkxouadzscgxcomkozzhgylxpi/Build/Intermediates.noindex/GoogleUtilities.build/Release-iphonesimulator/GoogleUtilities_GoogleUtilities-Logger.build/empty-GoogleUtilities_GoogleUtilities-Logger.plist -producttype com.apple.product-type.bundle -expandbuildsettings -format binary -platform iphonesimulator -o /Users/nicola/Library/Developer/Xcode/DerivedData/VibeWatchApp-fejkxouadzscgxcomkozzhgylxpi/Build/Products/Release-iphonesimulator/GoogleUtilities_GoogleUtilities-Logger.bundle/Info.plist

ProcessInfoPlistFile /Users/nicola/Library/Developer/Xcode/DerivedData/VibeWatchApp-fejkxouadzscgxcomkozzhgylxpi/Build/Products/Release-iphonesimulator/Firebase_FirebaseInstallations.bundle/Info.plist /Users/nicola/Library/Developer/Xcode/DerivedData/VibeWatchApp-fejkxouadzscgxcomkozzhgylxpi/Build/Intermediates.noindex/Firebase.build/Release-iphonesimulator/Firebase_FirebaseInstallations.build/empty-Firebase_FirebaseInstallations.plist (in target 'Firebase_FirebaseInstallations' from project 'Firebase')
    cd /Users/nicola/Library/Developer/Xcode/DerivedData/VibeWatchApp-fejkxouadzscgxcomkozzhgylxpi/SourcePackages/checkouts/firebase-ios-sdk
    builtin-infoPlistUtility /Users/nicola/Library/Developer/Xcode/DerivedData/VibeWatchApp-fejkxouadzscgxcomkozzhgylxpi/Build/Intermediates.noindex/Firebase.build/Release-iphonesimulator/Firebase_FirebaseInstallations.build/empty-Firebase_FirebaseInstallations.plist -producttype com.apple.product-type.bundle -expandbuildsettings -format binary -platform iphonesimulator -o /Users/nicola/Library/Developer/Xcode/DerivedData/VibeWatchApp-fejkxouadzscgxcomkozzhgylxpi/Build/Products/Release-iphonesimulator/Firebase_FirebaseInstallations.bundle/Info.plist

ProcessInfoPlistFile /Users/nicola/Library/Developer/Xcode/DerivedData/VibeWatchApp-fejkxouadzscgxcomkozzhgylxpi/Build/Products/Release-iphonesimulator/GoogleUtilities_GoogleUtilities-UserDefaults.bundle/Info.plist /Users/nicola/Library/Developer/Xcode/DerivedData/VibeWatchApp-fejkxouadzscgxcomkozzhgylxpi/Build/Intermediates.noindex/GoogleUtilities.build/Release-iphonesimulator/GoogleUtilities_GoogleUtilities-UserDefaults.build/empty-GoogleUtilities_GoogleUtilities-UserDefaults.plist (in target 'GoogleUtilities_GoogleUtilities-UserDefaults' from project 'GoogleUtilities')
    cd /Users/nicola/Library/Developer/Xcode/DerivedData/VibeWatchApp-fejkxouadzscgxcomkozzhgylxpi/SourcePackages/checkouts/GoogleUtilities
    builtin-infoPlistUtility /Users/nicola/Library/Developer/Xcode/DerivedData/VibeWatchApp-fejkxouadzscgxcomkozzhgylxpi/Build/Intermediates.noindex/GoogleUtilities.build/Release-iphonesimulator/GoogleUtilities_GoogleUtilities-UserDefaults.build/empty-GoogleUtilities_GoogleUtilities-UserDefaults.plist -producttype com.apple.product-type.bundle -expandbuildsettings -format binary -platform iphonesimulator -o /Users/nicola/Library/Developer/Xcode/DerivedData/VibeWatchApp-fejkxouadzscgxcomkozzhgylxpi/Build/Products/Release-iphonesimulator/GoogleUtilities_GoogleUtilities-UserDefaults.bundle/Info.plist

ProcessInfoPlistFile /Users/nicola/Library/Developer/Xcode/DerivedData/VibeWatchApp-fejkxouadzscgxcomkozzhgylxpi/Build/Products/Release-iphonesimulator/GoogleUtilities_GoogleUtilities-Network.bundle/Info.plist /Users/nicola/Library/Developer/Xcode/DerivedData/VibeWatchApp-fejkxouadzscgxcomkozzhgylxpi/Build/Intermediates.noindex/GoogleUtilities.build/Release-iphonesimulator/GoogleUtilities_GoogleUtilities-Network.build/empty-GoogleUtilities_GoogleUtilities-Network.plist (in target 'GoogleUtilities_GoogleUtilities-Network' from project 'GoogleUtilities')
    cd /Users/nicola/Library/Developer/Xcode/DerivedData/VibeWatchApp-fejkxouadzscgxcomkozzhgylxpi/SourcePackages/checkouts/GoogleUtilities
    builtin-infoPlistUtility /Users/nicola/Library/Developer/Xcode/DerivedData/VibeWatchApp-fejkxouadzscgxcomkozzhgylxpi/Build/Intermediates.noindex/GoogleUtilities.build/Release-iphonesimulator/GoogleUtilities_GoogleUtilities-Network.build/empty-GoogleUtilities_GoogleUtilities-Network.plist -producttype com.apple.product-type.bundle -expandbuildsettings -format binary -platform iphonesimulator -o /Users/nicola/Library/Developer/Xcode/DerivedData/VibeWatchApp-fejkxouadzscgxcomkozzhgylxpi/Build/Products/Release-iphonesimulator/GoogleUtilities_GoogleUtilities-Network.bundle/Info.plist

ProcessInfoPlistFile /Users/nicola/Library/Developer/Xcode/DerivedData/VibeWatchApp-fejkxouadzscgxcomkozzhgylxpi/Build/Products/Release-iphonesimulator/nanopb_nanopb.bundle/Info.plist /Users/nicola/Library/Developer/Xcode/DerivedData/VibeWatchApp-fejkxouadzscgxcomkozzhgylxpi/Build/Intermediates.noindex/nanopb.build/Release-iphonesimulator/nanopb_nanopb.build/empty-nanopb_nanopb.plist (in target 'nanopb_nanopb' from project 'nanopb')
    cd /Users/nicola/Library/Developer/Xcode/DerivedData/VibeWatchApp-fejkxouadzscgxcomkozzhgylxpi/SourcePackages/checkouts/nanopb
    builtin-infoPlistUtility /Users/nicola/Library/Developer/Xcode/DerivedData/VibeWatchApp-fejkxouadzscgxcomkozzhgylxpi/Build/Intermediates.noindex/nanopb.build/Release-iphonesimulator/nanopb_nanopb.build/empty-nanopb_nanopb.plist -producttype com.apple.product-type.bundle -expandbuildsettings -format binary -platform iphonesimulator -o /Users/nicola/Library/Developer/Xcode/DerivedData/VibeWatchApp-fejkxouadzscgxcomkozzhgylxpi/Build/Products/Release-iphonesimulator/nanopb_nanopb.bundle/Info.plist

ProcessInfoPlistFile /Users/nicola/Library/Developer/Xcode/DerivedData/VibeWatchApp-fejkxouadzscgxcomkozzhgylxpi/Build/Products/Release-iphonesimulator/swift-crypto_Crypto.bundle/Info.plist /Users/nicola/Library/Developer/Xcode/DerivedData/VibeWatchApp-fejkxouadzscgxcomkozzhgylxpi/Build/Intermediates.noindex/swift-crypto.build/Release-iphonesimulator/swift-crypto_Crypto.build/empty-swift-crypto_Crypto.plist (in target 'swift-crypto_Crypto' from project 'swift-crypto')
    cd /Users/nicola/Library/Developer/Xcode/DerivedData/VibeWatchApp-fejkxouadzscgxcomkozzhgylxpi/SourcePackages/checkouts/swift-crypto
    builtin-infoPlistUtility /Users/nicola/Library/Developer/Xcode/DerivedData/VibeWatchApp-fejkxouadzscgxcomkozzhgylxpi/Build/Intermediates.noindex/swift-crypto.build/Release-iphonesimulator/swift-crypto_Crypto.build/empty-swift-crypto_Crypto.plist -producttype com.apple.product-type.bundle -expandbuildsettings -format binary -platform iphonesimulator -o /Users/nicola/Library/Developer/Xcode/DerivedData/VibeWatchApp-fejkxouadzscgxcomkozzhgylxpi/Build/Products/Release-iphonesimulator/swift-crypto_Crypto.bundle/Info.plist

ProcessInfoPlistFile /Users/nicola/Library/Developer/Xcode/DerivedData/VibeWatchApp-fejkxouadzscgxcomkozzhgylxpi/Build/Products/Release-iphonesimulator/YouTubeiOSPlayerHelper_YouTubeiOSPlayerHelper.bundle/Info.plist /Users/nicola/Library/Developer/Xcode/DerivedData/VibeWatchApp-fejkxouadzscgxcomkozzhgylxpi/Build/Intermediates.noindex/YouTubeiOSPlayerHelper.build/Release-iphonesimulator/YouTubeiOSPlayerHelper_YouTubeiOSPlayerHelper.build/empty-YouTubeiOSPlayerHelper_YouTubeiOSPlayerHelper.plist (in target 'YouTubeiOSPlayerHelper_YouTubeiOSPlayerHelper' from project 'YouTubeiOSPlayerHelper')
    cd /Users/nicola/Library/Developer/Xcode/DerivedData/VibeWatchApp-fejkxouadzscgxcomkozzhgylxpi/SourcePackages/checkouts/youtube-ios-player-helper
    builtin-infoPlistUtility /Users/nicola/Library/Developer/Xcode/DerivedData/VibeWatchApp-fejkxouadzscgxcomkozzhgylxpi/Build/Intermediates.noindex/YouTubeiOSPlayerHelper.build/Release-iphonesimulator/YouTubeiOSPlayerHelper_YouTubeiOSPlayerHelper.build/empty-YouTubeiOSPlayerHelper_YouTubeiOSPlayerHelper.plist -producttype com.apple.product-type.bundle -expandbuildsettings -format binary -platform iphonesimulator -o /Users/nicola/Library/Developer/Xcode/DerivedData/VibeWatchApp-fejkxouadzscgxcomkozzhgylxpi/Build/Products/Release-iphonesimulator/YouTubeiOSPlayerHelper_YouTubeiOSPlayerHelper.bundle/Info.plist

ProcessInfoPlistFile /Users/nicola/Library/Developer/Xcode/DerivedData/VibeWatchApp-fejkxouadzscgxcomkozzhgylxpi/Build/Products/Release-iphonesimulator/Promises_FBLPromises.bundle/Info.plist /Users/nicola/Library/Developer/Xcode/DerivedData/VibeWatchApp-fejkxouadzscgxcomkozzhgylxpi/Build/Intermediates.noindex/Promises.build/Release-iphonesimulator/Promises_FBLPromises.build/empty-Promises_FBLPromises.plist (in target 'Promises_FBLPromises' from project 'Promises')
    cd /Users/nicola/Library/Developer/Xcode/DerivedData/VibeWatchApp-fejkxouadzscgxcomkozzhgylxpi/SourcePackages/checkouts/promises
    builtin-infoPlistUtility /Users/nicola/Library/Developer/Xcode/DerivedData/VibeWatchApp-fejkxouadzscgxcomkozzhgylxpi/Build/Intermediates.noindex/Promises.build/Release-iphonesimulator/Promises_FBLPromises.build/empty-Promises_FBLPromises.plist -producttype com.apple.product-type.bundle -expandbuildsettings -format binary -platform iphonesimulator -o /Users/nicola/Library/Developer/Xcode/DerivedData/VibeWatchApp-fejkxouadzscgxcomkozzhgylxpi/Build/Products/Release-iphonesimulator/Promises_FBLPromises.bundle/Info.plist

ProcessInfoPlistFile /Users/nicola/Library/Developer/Xcode/DerivedData/VibeWatchApp-fejkxouadzscgxcomkozzhgylxpi/Build/Products/Release-iphonesimulator/GoogleUtilities_GoogleUtilities-NSData.bundle/Info.plist /Users/nicola/Library/Developer/Xcode/DerivedData/VibeWatchApp-fejkxouadzscgxcomkozzhgylxpi/Build/Intermediates.noindex/GoogleUtilities.build/Release-iphonesimulator/GoogleUtilities_GoogleUtilities-NSData.build/empty-GoogleUtilities_GoogleUtilities-NSData.plist (in target 'GoogleUtilities_GoogleUtilities-NSData' from project 'GoogleUtilities')
    cd /Users/nicola/Library/Developer/Xcode/DerivedData/VibeWatchApp-fejkxouadzscgxcomkozzhgylxpi/SourcePackages/checkouts/GoogleUtilities
    builtin-infoPlistUtility /Users/nicola/Library/Developer/Xcode/DerivedData/VibeWatchApp-fejkxouadzscgxcomkozzhgylxpi/Build/Intermediates.noindex/GoogleUtilities.build/Release-iphonesimulator/GoogleUtilities_GoogleUtilities-NSData.build/empty-GoogleUtilities_GoogleUtilities-NSData.plist -producttype com.apple.product-type.bundle -expandbuildsettings -format binary -platform iphonesimulator -o /Users/nicola/Library/Developer/Xcode/DerivedData/VibeWatchApp-fejkxouadzscgxcomkozzhgylxpi/Build/Products/Release-iphonesimulator/GoogleUtilities_GoogleUtilities-NSData.bundle/Info.plist

ProcessInfoPlistFile /Users/nicola/Library/Developer/Xcode/DerivedData/VibeWatchApp-fejkxouadzscgxcomkozzhgylxpi/Build/Products/Release-iphonesimulator/RevenueCat_RevenueCat.bundle/Info.plist /Users/nicola/Library/Developer/Xcode/DerivedData/VibeWatchApp-fejkxouadzscgxcomkozzhgylxpi/Build/Intermediates.noindex/RevenueCat.build/Release-iphonesimulator/RevenueCat_RevenueCat.build/empty-RevenueCat_RevenueCat.plist (in target 'RevenueCat_RevenueCat' from project 'RevenueCat')
    cd /Users/nicola/Library/Developer/Xcode/DerivedData/VibeWatchApp-fejkxouadzscgxcomkozzhgylxpi/SourcePackages/checkouts/purchases-ios-spm
    builtin-infoPlistUtility /Users/nicola/Library/Developer/Xcode/DerivedData/VibeWatchApp-fejkxouadzscgxcomkozzhgylxpi/Build/Intermediates.noindex/RevenueCat.build/Release-iphonesimulator/RevenueCat_RevenueCat.build/empty-RevenueCat_RevenueCat.plist -producttype com.apple.product-type.bundle -expandbuildsettings -format binary -platform iphonesimulator -o /Users/nicola/Library/Developer/Xcode/DerivedData/VibeWatchApp-fejkxouadzscgxcomkozzhgylxpi/Build/Products/Release-iphonesimulator/RevenueCat_RevenueCat.bundle/Info.plist

ProcessInfoPlistFile /Users/nicola/Library/Developer/Xcode/DerivedData/VibeWatchApp-fejkxouadzscgxcomkozzhgylxpi/Build/Products/Release-iphonesimulator/Firebase_FirebaseCoreInternal.bundle/Info.plist /Users/nicola/Library/Developer/Xcode/DerivedData/VibeWatchApp-fejkxouadzscgxcomkozzhgylxpi/Build/Intermediates.noindex/Firebase.build/Release-iphonesimulator/Firebase_FirebaseCoreInternal.build/empty-Firebase_FirebaseCoreInternal.plist (in target 'Firebase_FirebaseCoreInternal' from project 'Firebase')
    cd /Users/nicola/Library/Developer/Xcode/DerivedData/VibeWatchApp-fejkxouadzscgxcomkozzhgylxpi/SourcePackages/checkouts/firebase-ios-sdk
    builtin-infoPlistUtility /Users/nicola/Library/Developer/Xcode/DerivedData/VibeWatchApp-fejkxouadzscgxcomkozzhgylxpi/Build/Intermediates.noindex/Firebase.build/Release-iphonesimulator/Firebase_FirebaseCoreInternal.build/empty-Firebase_FirebaseCoreInternal.plist -producttype com.apple.product-type.bundle -expandbuildsettings -format binary -platform iphonesimulator -o /Users/nicola/Library/Developer/Xcode/DerivedData/VibeWatchApp-fejkxouadzscgxcomkozzhgylxpi/Build/Products/Release-iphonesimulator/Firebase_FirebaseCoreInternal.bundle/Info.plist

ProcessInfoPlistFile /Users/nicola/Library/Developer/Xcode/DerivedData/VibeWatchApp-fejkxouadzscgxcomkozzhgylxpi/Build/Products/Release-iphonesimulator/Firebase_FirebaseCore.bundle/Info.plist /Users/nicola/Library/Developer/Xcode/DerivedData/VibeWatchApp-fejkxouadzscgxcomkozzhgylxpi/Build/Intermediates.noindex/Firebase.build/Release-iphonesimulator/Firebase_FirebaseCore.build/empty-Firebase_FirebaseCore.plist (in target 'Firebase_FirebaseCore' from project 'Firebase')
    cd /Users/nicola/Library/Developer/Xcode/DerivedData/VibeWatchApp-fejkxouadzscgxcomkozzhgylxpi/SourcePackages/checkouts/firebase-ios-sdk
    builtin-infoPlistUtility /Users/nicola/Library/Developer/Xcode/DerivedData/VibeWatchApp-fejkxouadzscgxcomkozzhgylxpi/Build/Intermediates.noindex/Firebase.build/Release-iphonesimulator/Firebase_FirebaseCore.build/empty-Firebase_FirebaseCore.plist -producttype com.apple.product-type.bundle -expandbuildsettings -format binary -platform iphonesimulator -o /Users/nicola/Library/Developer/Xcode/DerivedData/VibeWatchApp-fejkxouadzscgxcomkozzhgylxpi/Build/Products/Release-iphonesimulator/Firebase_FirebaseCore.bundle/Info.plist

ProcessInfoPlistFile /Users/nicola/Library/Developer/Xcode/DerivedData/VibeWatchApp-fejkxouadzscgxcomkozzhgylxpi/Build/Products/Release-iphonesimulator/RevenueCat_RevenueCatUI.bundle/Info.plist /Users/nicola/Library/Developer/Xcode/DerivedData/VibeWatchApp-fejkxouadzscgxcomkozzhgylxpi/Build/Intermediates.noindex/RevenueCat.build/Release-iphonesimulator/RevenueCat_RevenueCatUI.build/empty-RevenueCat_RevenueCatUI.plist (in target 'RevenueCat_RevenueCatUI' from project 'RevenueCat')
    cd /Users/nicola/Library/Developer/Xcode/DerivedData/VibeWatchApp-fejkxouadzscgxcomkozzhgylxpi/SourcePackages/checkouts/purchases-ios-spm
    builtin-infoPlistUtility /Users/nicola/Library/Developer/Xcode/DerivedData/VibeWatchApp-fejkxouadzscgxcomkozzhgylxpi/Build/Intermediates.noindex/RevenueCat.build/Release-iphonesimulator/RevenueCat_RevenueCatUI.build/empty-RevenueCat_RevenueCatUI.plist -producttype com.apple.product-type.bundle -expandbuildsettings -format binary -platform iphonesimulator -additionalcontentfile /Users/nicola/Library/Developer/Xcode/DerivedData/VibeWatchApp-fejkxouadzscgxcomkozzhgylxpi/Build/Intermediates.noindex/RevenueCat.build/Release-iphonesimulator/RevenueCat_RevenueCatUI.build/assetcatalog_generated_info.plist -o /Users/nicola/Library/Developer/Xcode/DerivedData/VibeWatchApp-fejkxouadzscgxcomkozzhgylxpi/Build/Products/Release-iphonesimulator/RevenueCat_RevenueCatUI.bundle/Info.plist

SwiftDriver VibeWatchApp normal arm64 com.apple.xcode.tools.swift.compiler (in target 'VibeWatchApp' from project 'VibeWatchApp')
    cd /Users/nicola/Documents/StartingVibeApps/VibeWatch/.worktrees/data-layer-notifications-refactor/VibeWatch
    builtin-SwiftDriver -- /Applications/Xcode.app/Contents/Developer/Toolchains/XcodeDefault.xctoolchain/usr/bin/swiftc -module-name VibeWatchApp -O -whole-module-optimization -enforce-exclusivity\=checked @/Users/nicola/Library/Developer/Xcode/DerivedData/VibeWatchApp-fejkxouadzscgxcomkozzhgylxpi/Build/Intermediates.noindex/VibeWatchApp.build/Release-iphonesimulator/VibeWatchApp.build/Objects-normal/arm64/VibeWatchApp.SwiftFileList -Xcc -fmodule-map-file\=/Users/nicola/Library/Developer/Xcode/DerivedData/VibeWatchApp-fejkxouadzscgxcomkozzhgylxpi/Build/Intermediates.noindex/GeneratedModuleMaps-iphonesimulator/GoogleUtilities-UserDefaults.modulemap -Xcc -fmodule-map-file\=/Users/nicola/Library/Developer/Xcode/DerivedData/VibeWatchApp-fejkxouadzscgxcomkozzhgylxpi/Build/Intermediates.noindex/GeneratedModuleMaps-iphonesimulator/GoogleUtilities-Network.modulemap -Xcc -fmodule-map-file\=/Users/nicola/Library/Developer/Xcode/DerivedData/VibeWatchApp-fejkxouadzscgxcomkozzhgylxpi/Build/Intermediates.noindex/GeneratedModuleMaps-iphonesimulator/GoogleUtilities-AppDelegateSwizzler.modulemap -Xcc -fmodule-map-file\=/Users/nicola/Library/Developer/Xcode/DerivedData/VibeWatchApp-fejkxouadzscgxcomkozzhgylxpi/Build/Intermediates.noindex/GeneratedModuleMaps-iphonesimulator/GoogleUtilities-Reachability.modulemap -Xcc -fmodule-map-file\=/Users/nicola/Library/Developer/Xcode/DerivedData/VibeWatchApp-fejkxouadzscgxcomkozzhgylxpi/Build/Intermediates.noindex/GeneratedModuleMaps-iphonesimulator/GoogleDataTransport.modulemap -Xcc -fmodule-map-file\=/Users/nicola/Library/Developer/Xcode/DerivedData/VibeWatchApp-fejkxouadzscgxcomkozzhgylxpi/Build/Intermediates.noindex/GeneratedModuleMaps-iphonesimulator/nanopb.modulemap -Xcc -fmodule-map-file\=/Users/nicola/Library/Developer/Xcode/DerivedData/VibeWatchApp-fejkxouadzscgxcomkozzhgylxpi/Build/Intermediates.noindex/GeneratedModuleMaps-iphonesimulator/FirebaseInstallations.modulemap -Xcc -fmodule-map-file\=/Users/nicola/Library/Developer/Xcode/DerivedData/VibeWatchApp-fejkxouadzscgxcomkozzhgylxpi/Build/Intermediates.noindex/GeneratedModuleMaps-iphonesimulator/FirebaseMessaging.modulemap -Xcc -fmodule-map-file\=/Users/nicola/Library/Developer/Xcode/DerivedData/VibeWatchApp-fejkxouadzscgxcomkozzhgylxpi/Build/Intermediates.noindex/GeneratedModuleMaps-iphonesimulator/UserMessagingPlatformTarget.modulemap -Xcc -fmodule-map-file\=/Users/nicola/Library/Developer/Xcode/DerivedData/VibeWatchApp-fejkxouadzscgxcomkozzhgylxpi/Build/Intermediates.noindex/GeneratedModuleMaps-iphonesimulator/GoogleUtilities-NSData.modulemap -Xcc -fmodule-map-file\=/Users/nicola/Library/Developer/Xcode/DerivedData/VibeWatchApp-fejkxouadzscgxcomkozzhgylxpi/Build/Intermediates.noindex/GeneratedModuleMaps-iphonesimulator/GoogleUtilities-Environment.modulemap -Xcc -fmodule-map-file\=/Users/nicola/Library/Developer/Xcode/DerivedData/VibeWatchApp-fejkxouadzscgxcomkozzhgylxpi/Build/Intermediates.noindex/GeneratedModuleMaps-iphonesimulator/third-party-IsAppEncrypted.modulemap -Xcc -fmodule-map-file\=/Users/nicola/Library/Developer/Xcode/DerivedData/VibeWatchApp-fejkxouadzscgxcomkozzhgylxpi/Build/Intermediates.noindex/GeneratedModuleMaps-iphonesimulator/GoogleUtilities-Logger.modulemap -Xcc -fmodule-map-file\=/Users/nicola/Library/Developer/Xcode/DerivedData/VibeWatchApp-fejkxouadzscgxcomkozzhgylxpi/Build/Intermediates.noindex/GeneratedModuleMaps-iphonesimulator/FirebaseCore.modulemap -Xcc -fmodule-map-file\=/Users/nicola/Library/Developer/Xcode/DerivedData/VibeWatchApp-fejkxouadzscgxcomkozzhgylxpi/Build/Intermediates.noindex/GeneratedModuleMaps-iphonesimulator/YouTubeiOSPlayerHelper.modulemap -enable-experimental-feature DebugDescriptionMacro -sdk /Applications/Xcode.app/Contents/Developer/Platforms/iPhoneSimulator.platform/Developer/SDKs/iPhoneSimulator26.2.sdk -target arm64-apple-ios18.5-simulator -g -module-cache-path /Users/nicola/Library/Developer/Xcode/DerivedData/ModuleCache.noindex -Xfrontend -serialize-debugging-options -profile-coverage-mapping -profile-generate -swift-version 6 -I /Users/nicola/Library/Developer/Xcode/DerivedData/VibeWatchApp-fejkxouadzscgxcomkozzhgylxpi/Build/Products/Release-iphonesimulator -F /Users/nicola/Library/Developer/Xcode/DerivedData/VibeWatchApp-fejkxouadzscgxcomkozzhgylxpi/Build/Products/Release-iphonesimulator/PackageFrameworks -F /Users/nicola/Library/Developer/Xcode/DerivedData/VibeWatchApp-fejkxouadzscgxcomkozzhgylxpi/Build/Products/Release-iphonesimulator/PackageFrameworks -F /Users/nicola/Library/Developer/Xcode/DerivedData/VibeWatchApp-fejkxouadzscgxcomkozzhgylxpi/Build/Products/Release-iphonesimulator/PackageFrameworks -F /Users/nicola/Library/Developer/Xcode/DerivedData/VibeWatchApp-fejkxouadzscgxcomkozzhgylxpi/Build/Products/Release-iphonesimulator/PackageFrameworks -F /Users/nicola/Library/Developer/Xcode/DerivedData/VibeWatchApp-fejkxouadzscgxcomkozzhgylxpi/Build/Products/Release-iphonesimulator/PackageFrameworks -F /Users/nicola/Library/Developer/Xcode/DerivedData/VibeWatchApp-fejkxouadzscgxcomkozzhgylxpi/Build/Products/Release-iphonesimulator/PackageFrameworks -F /Users/nicola/Library/Developer/Xcode/DerivedData/VibeWatchApp-fejkxouadzscgxcomkozzhgylxpi/Build/Products/Release-iphonesimulator/PackageFrameworks -F /Users/nicola/Library/Developer/Xcode/DerivedData/VibeWatchApp-fejkxouadzscgxcomkozzhgylxpi/Build/Products/Release-iphonesimulator/PackageFrameworks -F /Users/nicola/Library/Developer/Xcode/DerivedData/VibeWatchApp-fejkxouadzscgxcomkozzhgylxpi/Build/Products/Release-iphonesimulator/PackageFrameworks -F /Users/nicola/Library/Developer/Xcode/DerivedData/VibeWatchApp-fejkxouadzscgxcomkozzhgylxpi/Build/Products/Release-iphonesimulator/PackageFrameworks -F /Users/nicola/Library/Developer/Xcode/DerivedData/VibeWatchApp-fejkxouadzscgxcomkozzhgylxpi/Build/Products/Release-iphonesimulator/PackageFrameworks -F /Users/nicola/Library/Developer/Xcode/DerivedData/VibeWatchApp-fejkxouadzscgxcomkozzhgylxpi/Build/Products/Release-iphonesimulator/PackageFrameworks -F /Users/nicola/Library/Developer/Xcode/DerivedData/VibeWatchApp-fejkxouadzscgxcomkozzhgylxpi/Build/Products/Release-iphonesimulator/PackageFrameworks -F /Users/nicola/Library/Developer/Xcode/DerivedData/VibeWatchApp-fejkxouadzscgxcomkozzhgylxpi/Build/Products/Release-iphonesimulator/PackageFrameworks -F /Users/nicola/Library/Developer/Xcode/DerivedData/VibeWatchApp-fejkxouadzscgxcomkozzhgylxpi/Build/Products/Release-iphonesimulator/PackageFrameworks -F /Users/nicola/Library/Developer/Xcode/DerivedData/VibeWatchApp-fejkxouadzscgxcomkozzhgylxpi/Build/Products/Release-iphonesimulator/PackageFrameworks -F /Users/nicola/Library/Developer/Xcode/DerivedData/VibeWatchApp-fejkxouadzscgxcomkozzhgylxpi/Build/Products/Release-iphonesimulator/PackageFrameworks -F /Users/nicola/Library/Developer/Xcode/DerivedData/VibeWatchApp-fejkxouadzscgxcomkozzhgylxpi/Build/Products/Release-iphonesimulator/PackageFrameworks -F /Users/nicola/Library/Developer/Xcode/DerivedData/VibeWatchApp-fejkxouadzscgxcomkozzhgylxpi/Build/Products/Release-iphonesimulator/PackageFrameworks -F /Users/nicola/Library/Developer/Xcode/DerivedData/VibeWatchApp-fejkxouadzscgxcomkozzhgylxpi/Build/Products/Release-iphonesimulator/PackageFrameworks -F /Users/nicola/Library/Developer/Xcode/DerivedData/VibeWatchApp-fejkxouadzscgxcomkozzhgylxpi/Build/Products/Release-iphonesimulator/PackageFrameworks -F /Users/nicola/Library/Developer/Xcode/DerivedData/VibeWatchApp-fejkxouadzscgxcomkozzhgylxpi/Build/Products/Release-iphonesimulator/PackageFrameworks -F /Users/nicola/Library/Developer/Xcode/DerivedData/VibeWatchApp-fejkxouadzscgxcomkozzhgylxpi/Build/Products/Release-iphonesimulator/PackageFrameworks -F /Users/nicola/Library/Developer/Xcode/DerivedData/VibeWatchApp-fejkxouadzscgxcomkozzhgylxpi/Build/Products/Release-iphonesimulator/PackageFrameworks -F /Users/nicola/Library/Developer/Xcode/DerivedData/VibeWatchApp-fejkxouadzscgxcomkozzhgylxpi/Build/Products/Release-iphonesimulator/PackageFrameworks -F /Users/nicola/Library/Developer/Xcode/DerivedData/VibeWatchApp-fejkxouadzscgxcomkozzhgylxpi/Build/Products/Release-iphonesimulator/PackageFrameworks -F /Users/nicola/Library/Developer/Xcode/DerivedData/VibeWatchApp-fejkxouadzscgxcomkozzhgylxpi/Build/Products/Release-iphonesimulator/PackageFrameworks -F /Users/nicola/Library/Developer/Xcode/DerivedData/VibeWatchApp-fejkxouadzscgxcomkozzhgylxpi/Build/Products/Release-iphonesimulator/PackageFrameworks -F /Users/nicola/Library/Developer/Xcode/DerivedData/VibeWatchApp-fejkxouadzscgxcomkozzhgylxpi/Build/Products/Release-iphonesimulator/PackageFrameworks -F /Users/nicola/Library/Developer/Xcode/DerivedData/VibeWatchApp-fejkxouadzscgxcomkozzhgylxpi/Build/Products/Release-iphonesimulator/PackageFrameworks -F /Users/nicola/Library/Developer/Xcode/DerivedData/VibeWatchApp-fejkxouadzscgxcomkozzhgylxpi/Build/Products/Release-iphonesimulator/PackageFrameworks -F /Users/nicola/Library/Developer/Xcode/DerivedData/VibeWatchApp-fejkxouadzscgxcomkozzhgylxpi/Build/Products/Release-iphonesimulator/PackageFrameworks -F /Users/nicola/Library/Developer/Xcode/DerivedData/VibeWatchApp-fejkxouadzscgxcomkozzhgylxpi/Build/Products/Release-iphonesimulator/PackageFrameworks -F /Users/nicola/Library/Developer/Xcode/DerivedData/VibeWatchApp-fejkxouadzscgxcomkozzhgylxpi/Build/Products/Release-iphonesimulator/PackageFrameworks -F /Users/nicola/Library/Developer/Xcode/DerivedData/VibeWatchApp-fejkxouadzscgxcomkozzhgylxpi/Build/Products/Release-iphonesimulator/PackageFrameworks -F /Users/nicola/Library/Developer/Xcode/DerivedData/VibeWatchApp-fejkxouadzscgxcomkozzhgylxpi/Build/Products/Release-iphonesimulator -emit-localized-strings -emit-localized-strings-path /Users/nicola/Library/Developer/Xcode/DerivedData/VibeWatchApp-fejkxouadzscgxcomkozzhgylxpi/Build/Intermediates.noindex/VibeWatchApp.build/Release-iphonesimulator/VibeWatchApp.build/Objects-normal/arm64 -c -num-threads 12 -Xcc -ivfsstatcache -Xcc /Users/nicola/Library/Developer/Xcode/DerivedData/SDKStatCaches.noindex/iphonesimulator26.2-23C53-7d00a8b37fbd7999ea79df8ebc024bf0.sdkstatcache -output-file-map /Users/nicola/Library/Developer/Xcode/DerivedData/VibeWatchApp-fejkxouadzscgxcomkozzhgylxpi/Build/Intermediates.noindex/VibeWatchApp.build/Release-iphonesimulator/VibeWatchApp.build/Objects-normal/arm64/VibeWatchApp-OutputFileMap.json -use-frontend-parseable-output -save-temps -no-color-diagnostics -explicit-module-build -module-cache-path /Users/nicola/Library/Developer/Xcode/DerivedData/VibeWatchApp-fejkxouadzscgxcomkozzhgylxpi/Build/Intermediates.noindex/SwiftExplicitPrecompiledModules -clang-scanner-module-cache-path /Users/nicola/Library/Developer/Xcode/DerivedData/ModuleCache.noindex -sdk-module-cache-path /Users/nicola/Library/Developer/Xcode/DerivedData/ModuleCache.noindex -serialize-diagnostics -emit-dependencies -emit-module -emit-module-path /Users/nicola/Library/Developer/Xcode/DerivedData/VibeWatchApp-fejkxouadzscgxcomkozzhgylxpi/Build/Intermediates.noindex/VibeWatchApp.build/Release-iphonesimulator/VibeWatchApp.build/Objects-normal/arm64/VibeWatchApp.swiftmodule -validate-clang-modules-once -clang-build-session-file /Users/nicola/Library/Developer/Xcode/DerivedData/ModuleCache.noindex/Session.modulevalidation -Xcc -I/Users/nicola/Library/Developer/Xcode/DerivedData/VibeWatchApp-fejkxouadzscgxcomkozzhgylxpi/Build/Intermediates.noindex/VibeWatchApp.build/Release-iphonesimulator/VibeWatchApp.build/swift-overrides.hmap -emit-const-values -Xfrontend -const-gather-protocols-file -Xfrontend /Users/nicola/Library/Developer/Xcode/DerivedData/VibeWatchApp-fejkxouadzscgxcomkozzhgylxpi/Build/Intermediates.noindex/VibeWatchApp.build/Release-iphonesimulator/VibeWatchApp.build/Objects-normal/arm64/VibeWatchApp_const_extract_protocols.json -Xcc -iquote -Xcc /Users/nicola/Library/Developer/Xcode/DerivedData/VibeWatchApp-fejkxouadzscgxcomkozzhgylxpi/Build/Intermediates.noindex/VibeWatchApp.build/Release-iphonesimulator/VibeWatchApp.build/VibeWatchApp-generated-files.hmap -Xcc -I/Users/nicola/Library/Developer/Xcode/DerivedData/VibeWatchApp-fejkxouadzscgxcomkozzhgylxpi/Build/Intermediates.noindex/VibeWatchApp.build/Release-iphonesimulator/VibeWatchApp.build/VibeWatchApp-own-target-headers.hmap -Xcc -I/Users/nicola/Library/Developer/Xcode/DerivedData/VibeWatchApp-fejkxouadzscgxcomkozzhgylxpi/Build/Intermediates.noindex/VibeWatchApp.build/Release-iphonesimulator/VibeWatchApp.build/VibeWatchApp-all-non-framework-target-headers.hmap -Xcc -ivfsoverlay -Xcc /Users/nicola/Library/Developer/Xcode/DerivedData/VibeWatchApp-fejkxouadzscgxcomkozzhgylxpi/Build/Intermediates.noindex/VibeWatchApp.build/Release-iphonesimulator/VibeWatchApp-2c2f4552a4d9b7154b96d14bfa7e9217-VFS-iphonesimulator/all-product-headers.yaml -Xcc -iquote -Xcc /Users/nicola/Library/Developer/Xcode/DerivedData/VibeWatchApp-fejkxouadzscgxcomkozzhgylxpi/Build/Intermediates.noindex/VibeWatchApp.build/Release-iphonesimulator/VibeWatchApp.build/VibeWatchApp-project-headers.hmap -Xcc -I/Users/nicola/Library/Developer/Xcode/DerivedData/VibeWatchApp-fejkxouadzscgxcomkozzhgylxpi/SourcePackages/checkouts/promises/Sources/FBLPromises/include -Xcc -I/Users/nicola/Library/Developer/Xcode/DerivedData/VibeWatchApp-fejkxouadzscgxcomkozzhgylxpi/SourcePackages/checkouts/GoogleUtilities/GoogleUtilities/UserDefaults/Public -Xcc -I/Users/nicola/Library/Developer/Xcode/DerivedData/VibeWatchApp-fejkxouadzscgxcomkozzhgylxpi/SourcePackages/checkouts/GoogleUtilities/GoogleUtilities/Network/Public -Xcc -I/Users/nicola/Library/Developer/Xcode/DerivedData/VibeWatchApp-fejkxouadzscgxcomkozzhgylxpi/SourcePackages/checkouts/GoogleUtilities/GoogleUtilities/AppDelegateSwizzler/Public -Xcc -I/Users/nicola/Library/Developer/Xcode/DerivedData/VibeWatchApp-fejkxouadzscgxcomkozzhgylxpi/SourcePackages/checkouts/GoogleUtilities/GoogleUtilities/Reachability/Public -Xcc -I/Users/nicola/Library/Developer/Xcode/DerivedData/VibeWatchApp-fejkxouadzscgxcomkozzhgylxpi/SourcePackages/checkouts/GoogleDataTransport/GoogleDataTransport/GDTCORLibrary/Public -Xcc -I/Users/nicola/Library/Developer/Xcode/DerivedData/VibeWatchApp-fejkxouadzscgxcomkozzhgylxpi/SourcePackages/checkouts/nanopb/spm_headers -Xcc -I/Users/nicola/Library/Developer/Xcode/DerivedData/VibeWatchApp-fejkxouadzscgxcomkozzhgylxpi/SourcePackages/checkouts/firebase-ios-sdk/FirebaseInstallations/Source/Library/Public -Xcc -I/Users/nicola/Library/Developer/Xcode/DerivedData/VibeWatchApp-fejkxouadzscgxcomkozzhgylxpi/SourcePackages/checkouts/firebase-ios-sdk/FirebaseMessaging/Sources/Public -Xcc -I/Users/nicola/Library/Developer/Xcode/DerivedData/VibeWatchApp-fejkxouadzscgxcomkozzhgylxpi/SourcePackages/checkouts/swift-package-manager-google-user-messaging-platform/UserMessagingPlatformTarget/include -Xcc -I/Users/nicola/Library/Developer/Xcode/DerivedData/VibeWatchApp-fejkxouadzscgxcomkozzhgylxpi/SourcePackages/checkouts/GoogleUtilities/GoogleUtilities/NSData+zlib/Public -Xcc -I/Users/nicola/Library/Developer/Xcode/DerivedData/VibeWatchApp-fejkxouadzscgxcomkozzhgylxpi/SourcePackages/checkouts/GoogleUtilities/GoogleUtilities/Environment/Public -Xcc -I/Users/nicola/Library/Developer/Xcode/DerivedData/VibeWatchApp-fejkxouadzscgxcomkozzhgylxpi/SourcePackages/checkouts/GoogleUtilities/third_party/IsAppEncrypted/Public -Xcc -I/Users/nicola/Library/Developer/Xcode/DerivedData/VibeWatchApp-fejkxouadzscgxcomkozzhgylxpi/SourcePackages/checkouts/GoogleUtilities/GoogleUtilities/Logger/Public -Xcc -I/Users/nicola/Library/Developer/Xcode/DerivedData/VibeWatchApp-fejkxouadzscgxcomkozzhgylxpi/SourcePackages/checkouts/firebase-ios-sdk/CoreOnly/Sources -Xcc -I/Users/nicola/Library/Developer/Xcode/DerivedData/VibeWatchApp-fejkxouadzscgxcomkozzhgylxpi/SourcePackages/checkouts/firebase-ios-sdk/FirebaseCore/Sources/Public -Xcc -I/Users/nicola/Library/Developer/Xcode/DerivedData/VibeWatchApp-fejkxouadzscgxcomkozzhgylxpi/SourcePackages/checkouts/youtube-ios-player-helper/Sources -Xcc -I/Users/nicola/Library/Developer/Xcode/DerivedData/VibeWatchApp-fejkxouadzscgxcomkozzhgylxpi/Build/Products/Release-iphonesimulator/include -Xcc -I/Users/nicola/Library/Developer/Xcode/DerivedData/VibeWatchApp-fejkxouadzscgxcomkozzhgylxpi/Build/Intermediates.noindex/VibeWatchApp.build/Release-iphonesimulator/VibeWatchApp.build/DerivedSources-normal/arm64 -Xcc -I/Users/nicola/Library/Developer/Xcode/DerivedData/VibeWatchApp-fejkxouadzscgxcomkozzhgylxpi/Build/Intermediates.noindex/VibeWatchApp.build/Release-iphonesimulator/VibeWatchApp.build/DerivedSources/arm64 -Xcc -I/Users/nicola/Library/Developer/Xcode/DerivedData/VibeWatchApp-fejkxouadzscgxcomkozzhgylxpi/Build/Intermediates.noindex/VibeWatchApp.build/Release-iphonesimulator/VibeWatchApp.build/DerivedSources -emit-objc-header -emit-objc-header-path /Users/nicola/Library/Developer/Xcode/DerivedData/VibeWatchApp-fejkxouadzscgxcomkozzhgylxpi/Build/Intermediates.noindex/VibeWatchApp.build/Release-iphonesimulator/VibeWatchApp.build/Objects-normal/arm64/VibeWatchApp-Swift.h -working-directory /Users/nicola/Documents/StartingVibeApps/VibeWatch/.worktrees/data-layer-notifications-refactor/VibeWatch -no-emit-module-separately-wmo

ProcessInfoPlistFile /Users/nicola/Library/Developer/Xcode/DerivedData/VibeWatchApp-fejkxouadzscgxcomkozzhgylxpi/Build/Products/Release-iphonesimulator/VibeWatchApp.app/Info.plist /Users/nicola/Documents/StartingVibeApps/VibeWatch/.worktrees/data-layer-notifications-refactor/VibeWatch/VibeWatchApp/Info.plist (in target 'VibeWatchApp' from project 'VibeWatchApp')
    cd /Users/nicola/Documents/StartingVibeApps/VibeWatch/.worktrees/data-layer-notifications-refactor/VibeWatch
    builtin-infoPlistUtility /Users/nicola/Documents/StartingVibeApps/VibeWatch/.worktrees/data-layer-notifications-refactor/VibeWatch/VibeWatchApp/Info.plist -producttype com.apple.product-type.application -genpkginfo /Users/nicola/Library/Developer/Xcode/DerivedData/VibeWatchApp-fejkxouadzscgxcomkozzhgylxpi/Build/Products/Release-iphonesimulator/VibeWatchApp.app/PkgInfo -expandbuildsettings -format binary -platform iphonesimulator -additionalcontentfile /Users/nicola/Library/Developer/Xcode/DerivedData/VibeWatchApp-fejkxouadzscgxcomkozzhgylxpi/Build/Intermediates.noindex/VibeWatchApp.build/Release-iphonesimulator/VibeWatchApp.build/assetcatalog_generated_info.plist -scanforprivacyfile /Users/nicola/Library/Developer/Xcode/DerivedData/VibeWatchApp-fejkxouadzscgxcomkozzhgylxpi/Build/Products/Release-iphonesimulator/VibeWatchApp.app/Firebase_FirebaseCore.bundle -scanforprivacyfile /Users/nicola/Library/Developer/Xcode/DerivedData/VibeWatchApp-fejkxouadzscgxcomkozzhgylxpi/Build/Products/Release-iphonesimulator/VibeWatchApp.app/Firebase_FirebaseCoreInternal.bundle -scanforprivacyfile /Users/nicola/Library/Developer/Xcode/DerivedData/VibeWatchApp-fejkxouadzscgxcomkozzhgylxpi/Build/Products/Release-iphonesimulator/VibeWatchApp.app/Firebase_FirebaseInstallations.bundle -scanforprivacyfile /Users/nicola/Library/Developer/Xcode/DerivedData/VibeWatchApp-fejkxouadzscgxcomkozzhgylxpi/Build/Products/Release-iphonesimulator/VibeWatchApp.app/Firebase_FirebaseMessaging.bundle -scanforprivacyfile /Users/nicola/Library/Developer/Xcode/DerivedData/VibeWatchApp-fejkxouadzscgxcomkozzhgylxpi/Build/Products/Release-iphonesimulator/VibeWatchApp.app/Frameworks/GoogleMobileAds.framework -scanforprivacyfile /Users/nicola/Library/Developer/Xcode/DerivedData/VibeWatchApp-fejkxouadzscgxcomkozzhgylxpi/Build/Products/Release-iphonesimulator/VibeWatchApp.app/Frameworks/UserMessagingPlatform.framework -scanforprivacyfile /Users/nicola/Library/Developer/Xcode/DerivedData/VibeWatchApp-fejkxouadzscgxcomkozzhgylxpi/Build/Products/Release-iphonesimulator/VibeWatchApp.app/GoogleDataTransport_GoogleDataTransport.bundle -scanforprivacyfile /Users/nicola/Library/Developer/Xcode/DerivedData/VibeWatchApp-fejkxouadzscgxcomkozzhgylxpi/Build/Products/Release-iphonesimulator/VibeWatchApp.app/GoogleUtilities_GoogleUtilities-AppDelegateSwizzler.bundle -scanforprivacyfile /Users/nicola/Library/Developer/Xcode/DerivedData/VibeWatchApp-fejkxouadzscgxcomkozzhgylxpi/Build/Products/Release-iphonesimulator/VibeWatchApp.app/GoogleUtilities_GoogleUtilities-Environment.bundle -scanforprivacyfile /Users/nicola/Library/Developer/Xcode/DerivedData/VibeWatchApp-fejkxouadzscgxcomkozzhgylxpi/Build/Products/Release-iphonesimulator/VibeWatchApp.app/GoogleUtilities_GoogleUtilities-Logger.bundle -scanforprivacyfile /Users/nicola/Library/Developer/Xcode/DerivedData/VibeWatchApp-fejkxouadzscgxcomkozzhgylxpi/Build/Products/Release-iphonesimulator/VibeWatchApp.app/GoogleUtilities_GoogleUtilities-NSData.bundle -scanforprivacyfile /Users/nicola/Library/Developer/Xcode/DerivedData/VibeWatchApp-fejkxouadzscgxcomkozzhgylxpi/Build/Products/Release-iphonesimulator/VibeWatchApp.app/GoogleUtilities_GoogleUtilities-Network.bundle -scanforprivacyfile /Users/nicola/Library/Developer/Xcode/DerivedData/VibeWatchApp-fejkxouadzscgxcomkozzhgylxpi/Build/Products/Release-iphonesimulator/VibeWatchApp.app/GoogleUtilities_GoogleUtilities-Reachability.bundle -scanforprivacyfile /Users/nicola/Library/Developer/Xcode/DerivedData/VibeWatchApp-fejkxouadzscgxcomkozzhgylxpi/Build/Products/Release-iphonesimulator/VibeWatchApp.app/GoogleUtilities_GoogleUtilities-UserDefaults.bundle -scanforprivacyfile /Users/nicola/Library/Developer/Xcode/DerivedData/VibeWatchApp-fejkxouadzscgxcomkozzhgylxpi/Build/Products/Release-iphonesimulator/VibeWatchApp.app/Promises_FBLPromises.bundle -scanforprivacyfile /Users/nicola/Library/Developer/Xcode/DerivedData/VibeWatchApp-fejkxouadzscgxcomkozzhgylxpi/Build/Products/Release-iphonesimulator/VibeWatchApp.app/RevenueCat_RevenueCat.bundle -scanforprivacyfile /Users/nicola/Library/Developer/Xcode/DerivedData/VibeWatchApp-fejkxouadzscgxcomkozzhgylxpi/Build/Products/Release-iphonesimulator/VibeWatchApp.app/RevenueCat_RevenueCatUI.bundle -scanforprivacyfile /Users/nicola/Library/Developer/Xcode/DerivedData/VibeWatchApp-fejkxouadzscgxcomkozzhgylxpi/Build/Products/Release-iphonesimulator/VibeWatchApp.app/YouTubeiOSPlayerHelper_YouTubeiOSPlayerHelper.bundle -scanforprivacyfile /Users/nicola/Library/Developer/Xcode/DerivedData/VibeWatchApp-fejkxouadzscgxcomkozzhgylxpi/Build/Products/Release-iphonesimulator/VibeWatchApp.app/nanopb_nanopb.bundle -scanforprivacyfile /Users/nicola/Library/Developer/Xcode/DerivedData/VibeWatchApp-fejkxouadzscgxcomkozzhgylxpi/Build/Products/Release-iphonesimulator/VibeWatchApp.app/swift-crypto_Crypto.bundle -o /Users/nicola/Library/Developer/Xcode/DerivedData/VibeWatchApp-fejkxouadzscgxcomkozzhgylxpi/Build/Products/Release-iphonesimulator/VibeWatchApp.app/Info.plist

SwiftCompile normal arm64 Compiling\ DependencyContainer.swift,\ RepositoryEnvironment.swift,\ AppDelegate.swift,\ MainTabView.swift,\ VibeWatchApp.swift,\ AppConstants.swift,\ Migration7_RepositoryLayerCache.swift,\ DatabaseMigrationManager.swift,\ DatabaseMigrationService.swift,\ DatabaseOptimizationRunner.swift,\ DatabaseUtilities.swift,\ PersonalizationPerformanceTester.swift,\ SQLiteMigrations.swift,\ SQLiteService.swift,\ AIChatMessage.swift,\ AppError.swift,\ Clip.swift,\ ClipComment.swift,\ Country.swift,\ DiscoveryFilters.swift,\ GlobalDiscoveryFilters.swift,\ MediaList.swift,\ Movie.swift,\ MovieReaction.swift,\ Person.swift,\ Sendable+TMDB.swift,\ StreamingPlatform.swift,\ SupabaseClip.swift,\ UpdateRequirement.swift,\ User.swift,\ UserProfile.swift,\ WatchProvider.swift,\ YouTubeModels.swift,\ CerebrasService.swift,\ ClipsService.swift,\ Config.swift,\ StreamingAvailabilityService.swift,\ TMDBService.swift,\ AuthServiceProtocol.swift,\ ClipCommentServiceProtocol.swift,\ ClipsRepositoryProtocol.swift,\ GamificationServiceProtocol.swift,\ ImageCacheServiceProtocol.swift,\ ListManagerProtocol.swift,\ MovieReactionServiceProtocol.swift,\ LiveDiscoveryRepository.swift,\ LiveListRepository.swift,\ LiveMediaRepository.swift,\ LiveNotificationRepository.swift,\ RepositoryCoding.swift,\ MockDiscoveryRepository.swift,\ MockListRepository.swift,\ MockMediaRepository.swift,\ MockNotificationRepository.swift,\ DiscoveryRepository.swift,\ ListRepository.swift,\ MediaRepository.swift,\ NotificationRepository.swift,\ AIContextBuilder.swift,\ AIQueryClassifier.swift,\ AITokenManager.swift,\ AnalyticsContext.swift,\ AnalyticsInsightsService.swift,\ AnalyticsService.swift,\ AuthService.swift,\ CerebrasBackendBackgroundScheduler.swift,\ CerebrasBackendJobManager.swift,\ ClipCommentService.swift,\ ClipQuotaService.swift,\ ClipsPrefetchService.swift,\ ClipsRepository.swift,\ ClipsSearchService.swift,\ ContentCacheManager.swift,\ ConversationMemoryManager.swift,\ DailyContentPrefetchService.swift,\ DailyQuotaManager.swift,\ DatabaseClipsService.swift,\ DataCoordinator.swift,\ DetailCacheService.swift,\ DiscoveryCacheService.swift,\ DiscoveryCarouselBackgroundRefresher.swift,\ DiscoveryPersonalizationService.swift,\ ErrorHandler.swift,\ GamificationService.swift,\ ImageCacheService.swift,\ InstallIDService.swift,\ InterstitialAdManager.swift,\ KeychainStorage.swift,\ ListAvailabilityService.swift,\ ListManager.swift,\ LocalizationManager.swift,\ MovieReactionService.swift,\ NetworkMonitor.swift,\ NotificationBackgroundTask.swift,\ NotificationService.swift,\ PaywallTriggerService.swift,\ PersonalizedClipsService.swift,\ PostHogClient.swift,\ PredictiveRecommendationService.swift,\ QuickClipsService.swift,\ RealtimeSyncService.swift,\ RevenueCatService.swift,\ ReviewPromptManager.swift,\ SmartNotificationService.swift,\ TrackingPermissionManager.swift,\ UpdateCheckService.swift,\ UserEngagementTracker.swift,\ UserPreferenceManager.swift,\ SupabaseClient.swift,\ AppNavigationManager.swift,\ LanguageDetector.swift,\ Logger.swift,\ PlatformDeepLinkHelper.swift,\ ClipsSearchViewModel.swift,\ ClipsViewModel.swift,\ AccountCreationGateView.swift,\ ClipsSearchView.swift,\ ClipsView.swift,\ DailyLimitPaywallView.swift,\ PricingCard.swift,\ ProPaywallView.swift,\ FilmographySelection.swift,\ ActorDetailViewModel.swift,\ AIRecommendationViewModel.swift,\ DiscoveryViewModel.swift,\ MovieDetailViewModel.swift,\ SearchViewModel.swift,\ ActorDetailView.swift,\ AIRecommendationsView.swift,\ DiscoveryView.swift,\ GlobalFilterView.swift,\ MovieDetailView.swift,\ SearchView.swift,\ TVShowDetailView.swift,\ BadgeGalleryView.swift,\ FloatingXPBadgeView.swift,\ LevelProgressView.swift,\ LevelUpBannerView.swift,\ XPToastView.swift,\ ListsViewModel.swift,\ ListsView.swift,\ OnboardingViewModel.swift,\ OnboardingAccountView.swift,\ OnboardingContainerView.swift,\ OnboardingPaywallWrapper.swift,\ OnboardingSteps.swift,\ OnboardingView.swift,\ AnalyticsDashboardView.swift,\ AnalyticsHealthDebugView.swift,\ CheckEmailView.swift,\ NotificationPreferencesView.swift,\ PasswordResetView.swift,\ ProfileView.swift,\ SettingsView.swift,\ SignInView.swift,\ SignUpView.swift,\ ConflictResolver.swift,\ ConflictStrategy.swift,\ SyncEngine.swift,\ SyncState.swift,\ SyncStateMachine.swift,\ SyncTrigger.swift,\ AuthenticationGateView.swift,\ BannerAdView.swift,\ CachedAsyncImage.swift,\ CommentInputView.swift,\ CommentRowView.swift,\ CommentsListView.swift,\ ConfirmationPopup.swift,\ CustomTextFieldStyle.swift,\ DiscoveryFiltersSheet.swift,\ ErrorAlert.swift,\ ImagePicker.swift,\ LiquidGlassToggle.swift,\ LiquidGlassView.swift,\ ListTypeSwitcher.swift,\ MediaFilterSwitcher.swift,\ MovieReactionView.swift,\ OfflineBanner.swift,\ PlatformSelector.swift,\ PopupOverlayBackground.swift,\ ProUpgradeIconButton.swift,\ SaveToListPanel.swift,\ ShareSheet.swift,\ SplashScreen.swift,\ SVGImageView.swift,\ ToastView.swift,\ UpdateRequiredView.swift,\ Array+Chunked.swift,\ Color+Theme.swift,\ Notification+Names.swift,\ View+SwipeBackGesture.swift,\ ValidationHelper.swift,\ GeneratedAssetSymbols.swift /Users/nicola/Documents/StartingVibeApps/VibeWatch/.worktrees/data-layer-notifications-refactor/VibeWatch/VibeWatchApp/App/DI/DependencyContainer.swift /Users/nicola/Documents/StartingVibeApps/VibeWatch/.worktrees/data-layer-notifications-refactor/VibeWatch/VibeWatchApp/App/DI/RepositoryEnvironment.swift /Users/nicola/Documents/StartingVibeApps/VibeWatch/.worktrees/data-layer-notifications-refactor/VibeWatch/VibeWatchApp/App/AppDelegate.swift /Users/nicola/Documents/StartingVibeApps/VibeWatch/.worktrees/data-layer-notifications-refactor/VibeWatch/VibeWatchApp/App/MainTabView.swift /Users/nicola/Documents/StartingVibeApps/VibeWatch/.worktrees/data-layer-notifications-refactor/VibeWatch/VibeWatchApp/App/VibeWatchApp.swift /Users/nicola/Documents/StartingVibeApps/VibeWatch/.worktrees/data-layer-notifications-refactor/VibeWatch/VibeWatchApp/Core/Constants/AppConstants.swift /Users/nicola/Documents/StartingVibeApps/VibeWatch/.worktrees/data-layer-notifications-refactor/VibeWatch/VibeWatchApp/Core/Database/Migrations/Migration7_RepositoryLayerCache.swift /Users/nicola/Documents/StartingVibeApps/VibeWatch/.worktrees/data-layer-notifications-refactor/VibeWatch/VibeWatchApp/Core/Database/DatabaseMigrationManager.swift /Users/nicola/Documents/StartingVibeApps/VibeWatch/.worktrees/data-layer-notifications-refactor/VibeWatch/VibeWatchApp/Core/Database/DatabaseMigrationService.swift /Users/nicola/Documents/StartingVibeApps/VibeWatch/.worktrees/data-layer-notifications-refactor/VibeWatch/VibeWatchApp/Core/Database/DatabaseOptimizationRunner.swift /Users/nicola/Documents/StartingVibeApps/VibeWatch/.worktrees/data-layer-notifications-refactor/VibeWatch/VibeWatchApp/Core/Database/DatabaseUtilities.swift /Users/nicola/Documents/StartingVibeApps/VibeWatch/.worktrees/data-layer-notifications-refactor/VibeWatch/VibeWatchApp/Core/Database/PersonalizationPerformanceTester.swift /Users/nicola/Documents/StartingVibeApps/VibeWatch/.worktrees/data-layer-notifications-refactor/VibeWatch/VibeWatchApp/Core/Database/SQLiteMigrations.swift /Users/nicola/Documents/StartingVibeApps/VibeWatch/.worktrees/data-layer-notifications-refactor/VibeWatch/VibeWatchApp/Core/Database/SQLiteService.swift /Users/nicola/Documents/StartingVibeApps/VibeWatch/.worktrees/data-layer-notifications-refactor/VibeWatch/VibeWatchApp/Core/Models/AIChatMessage.swift /Users/nicola/Documents/StartingVibeApps/VibeWatch/.worktrees/data-layer-notifications-refactor/VibeWatch/VibeWatchApp/Core/Models/AppError.swift /Users/nicola/Documents/StartingVibeApps/VibeWatch/.worktrees/data-layer-notifications-refactor/VibeWatch/VibeWatchApp/Core/Models/Clip.swift /Users/nicola/Documents/StartingVibeApps/VibeWatch/.worktrees/data-layer-notifications-refactor/VibeWatch/VibeWatchApp/Core/Models/ClipComment.swift /Users/nicola/Documents/StartingVibeApps/VibeWatch/.worktrees/data-layer-notifications-refactor/VibeWatch/VibeWatchApp/Core/Models/Country.swift /Users/nicola/Documents/StartingVibeApps/VibeWatch/.worktrees/data-layer-notifications-refactor/VibeWatch/VibeWatchApp/Core/Models/DiscoveryFilters.swift /Users/nicola/Documents/StartingVibeApps/VibeWatch/.worktrees/data-layer-notifications-refactor/VibeWatch/VibeWatchApp/Core/Models/GlobalDiscoveryFilters.swift /Users/nicola/Documents/StartingVibeApps/VibeWatch/.worktrees/data-layer-notifications-refactor/VibeWatch/VibeWatchApp/Core/Models/MediaList.swift /Users/nicola/Documents/StartingVibeApps/VibeWatch/.worktrees/data-layer-notifications-refactor/VibeWatch/VibeWatchApp/Core/Models/Movie.swift /Users/nicola/Documents/StartingVibeApps/VibeWatch/.worktrees/data-layer-notifications-refactor/VibeWatch/VibeWatchApp/Core/Models/MovieReaction.swift /Users/nicola/Documents/StartingVibeApps/VibeWatch/.worktrees/data-layer-notifications-refactor/VibeWatch/VibeWatchApp/Core/Models/Person.swift /Users/nicola/Documents/StartingVibeApps/VibeWatch/.worktrees/data-layer-notifications-refactor/VibeWatch/VibeWatchApp/Core/Models/Sendable+TMDB.swift /Users/nicola/Documents/StartingVibeApps/VibeWatch/.worktrees/data-layer-notifications-refactor/VibeWatch/VibeWatchApp/Core/Models/StreamingPlatform.swift /Users/nicola/Documents/StartingVibeApps/VibeWatch/.worktrees/data-layer-notifications-refactor/VibeWatch/VibeWatchApp/Core/Models/SupabaseClip.swift /Users/nicola/Documents/StartingVibeApps/VibeWatch/.worktrees/data-layer-notifications-refactor/VibeWatch/VibeWatchApp/Core/Models/UpdateRequirement.swift /Users/nicola/Documents/StartingVibeApps/VibeWatch/.worktrees/data-layer-notifications-refactor/VibeWatch/VibeWatchApp/Core/Models/User.swift /Users/nicola/Documents/StartingVibeApps/VibeWatch/.worktrees/data-layer-notifications-refactor/VibeWatch/VibeWatchApp/Core/Models/UserProfile.swift /Users/nicola/Documents/StartingVibeApps/VibeWatch/.worktrees/data-layer-notifications-refactor/VibeWatch/VibeWatchApp/Core/Models/WatchProvider.swift /Users/nicola/Documents/StartingVibeApps/VibeWatch/.worktrees/data-layer-notifications-refactor/VibeWatch/VibeWatchApp/Core/Models/YouTubeModels.swift /Users/nicola/Documents/StartingVibeApps/VibeWatch/.worktrees/data-layer-notifications-refactor/VibeWatch/VibeWatchApp/Core/Network/CerebrasService.swift /Users/nicola/Documents/StartingVibeApps/VibeWatch/.worktrees/data-layer-notifications-refactor/VibeWatch/VibeWatchApp/Core/Network/ClipsService.swift /Users/nicola/Documents/StartingVibeApps/VibeWatch/.worktrees/data-layer-notifications-refactor/VibeWatch/VibeWatchApp/Core/Network/Config.swift /Users/nicola/Documents/StartingVibeApps/VibeWatch/.worktrees/data-layer-notifications-refactor/VibeWatch/VibeWatchApp/Core/Network/StreamingAvailabilityService.swift /Users/nicola/Documents/StartingVibeApps/VibeWatch/.worktrees/data-layer-notifications-refactor/VibeWatch/VibeWatchApp/Core/Network/TMDBService.swift /Users/nicola/Documents/StartingVibeApps/VibeWatch/.worktrees/data-layer-notifications-refactor/VibeWatch/VibeWatchApp/Core/Protocols/AuthServiceProtocol.swift /Users/nicola/Documents/StartingVibeApps/VibeWatch/.worktrees/data-layer-notifications-refactor/VibeWatch/VibeWatchApp/Core/Protocols/ClipCommentServiceProtocol.swift /Users/nicola/Documents/StartingVibeApps/VibeWatch/.worktrees/data-layer-notifications-refactor/VibeWatch/VibeWatchApp/Core/Protocols/ClipsRepositoryProtocol.swift /Users/nicola/Documents/StartingVibeApps/VibeWatch/.worktrees/data-layer-notifications-refactor/VibeWatch/VibeWatchApp/Core/Protocols/GamificationServiceProtocol.swift /Users/nicola/Documents/StartingVibeApps/VibeWatch/.worktrees/data-layer-notifications-refactor/VibeWatch/VibeWatchApp/Core/Protocols/ImageCacheServiceProtocol.swift /Users/nicola/Documents/StartingVibeApps/VibeWatch/.worktrees/data-layer-notifications-refactor/VibeWatch/VibeWatchApp/Core/Protocols/ListManagerProtocol.swift /Users/nicola/Documents/StartingVibeApps/VibeWatch/.worktrees/data-layer-notifications-refactor/VibeWatch/VibeWatchApp/Core/Protocols/MovieReactionServiceProtocol.swift /Users/nicola/Documents/StartingVibeApps/VibeWatch/.worktrees/data-layer-notifications-refactor/VibeWatch/VibeWatchApp/Core/Repositories/Live/LiveDiscoveryRepository.swift /Users/nicola/Documents/StartingVibeApps/VibeWatch/.worktrees/data-layer-notifications-refactor/VibeWatch/VibeWatchApp/Core/Repositories/Live/LiveListRepository.swift /Users/nicola/Documents/StartingVibeApps/VibeWatch/.worktrees/data-layer-notifications-refactor/VibeWatch/VibeWatchApp/Core/Repositories/Live/LiveMediaRepository.swift /Users/nicola/Documents/StartingVibeApps/VibeWatch/.worktrees/data-layer-notifications-refactor/VibeWatch/VibeWatchApp/Core/Repositories/Live/LiveNotificationRepository.swift /Users/nicola/Documents/StartingVibeApps/VibeWatch/.worktrees/data-layer-notifications-refactor/VibeWatch/VibeWatchApp/Core/Repositories/Live/RepositoryCoding.swift /Users/nicola/Documents/StartingVibeApps/VibeWatch/.worktrees/data-layer-notifications-refactor/VibeWatch/VibeWatchApp/Core/Repositories/Mock/MockDiscoveryRepository.swift /Users/nicola/Documents/StartingVibeApps/VibeWatch/.worktrees/data-layer-notifications-refactor/VibeWatch/VibeWatchApp/Core/Repositories/Mock/MockListRepository.swift /Users/nicola/Documents/StartingVibeApps/VibeWatch/.worktrees/data-layer-notifications-refactor/VibeWatch/VibeWatchApp/Core/Repositories/Mock/MockMediaRepository.swift /Users/nicola/Documents/StartingVibeApps/VibeWatch/.worktrees/data-layer-notifications-refactor/VibeWatch/VibeWatchApp/Core/Repositories/Mock/MockNotificationRepository.swift /Users/nicola/Documents/StartingVibeApps/VibeWatch/.worktrees/data-layer-notifications-refactor/VibeWatch/VibeWatchApp/Core/Repositories/DiscoveryRepository.swift /Users/nicola/Documents/StartingVibeApps/VibeWatch/.worktrees/data-layer-notifications-refactor/VibeWatch/VibeWatchApp/Core/Repositories/ListRepository.swift /Users/nicola/Documents/StartingVibeApps/VibeWatch/.worktrees/data-layer-notifications-refactor/VibeWatch/VibeWatchApp/Core/Repositories/MediaRepository.swift /Users/nicola/Documents/StartingVibeApps/VibeWatch/.worktrees/data-layer-notifications-refactor/VibeWatch/VibeWatchApp/Core/Repositories/NotificationRepository.swift /Users/nicola/Documents/StartingVibeApps/VibeWatch/.worktrees/data-layer-notifications-refactor/VibeWatch/VibeWatchApp/Core/Services/AIContextBuilder.swift /Users/nicola/Documents/StartingVibeApps/VibeWatch/.worktrees/data-layer-notifications-refactor/VibeWatch/VibeWatchApp/Core/Services/AIQueryClassifier.swift /Users/nicola/Documents/StartingVibeApps/VibeWatch/.worktrees/data-layer-notifications-refactor/VibeWatch/VibeWatchApp/Core/Services/AITokenManager.swift /Users/nicola/Documents/StartingVibeApps/VibeWatch/.worktrees/data-layer-notifications-refactor/VibeWatch/VibeWatchApp/Core/Services/AnalyticsContext.swift /Users/nicola/Documents/StartingVibeApps/VibeWatch/.worktrees/data-layer-notifications-refactor/VibeWatch/VibeWatchApp/Core/Services/AnalyticsInsightsService.swift /Users/nicola/Documents/StartingVibeApps/VibeWatch/.worktrees/data-layer-notifications-refactor/VibeWatch/VibeWatchApp/Core/Services/AnalyticsService.swift /Users/nicola/Documents/StartingVibeApps/VibeWatch/.worktrees/data-layer-notifications-refactor/VibeWatch/VibeWatchApp/Core/Services/AuthService.swift /Users/nicola/Documents/StartingVibeApps/VibeWatch/.worktrees/data-layer-notifications-refactor/VibeWatch/VibeWatchApp/Core/Services/CerebrasBackendBackgroundScheduler.swift /Users/nicola/Documents/StartingVibeApps/VibeWatch/.worktrees/data-layer-notifications-refactor/VibeWatch/VibeWatchApp/Core/Services/CerebrasBackendJobManager.swift /Users/nicola/Documents/StartingVibeApps/VibeWatch/.worktrees/data-layer-notifications-refactor/VibeWatch/VibeWatchApp/Core/Services/ClipCommentService.swift /Users/nicola/Documents/StartingVibeApps/VibeWatch/.worktrees/data-layer-notifications-refactor/VibeWatch/VibeWatchApp/Core/Services/ClipQuotaService.swift /Users/nicola/Documents/StartingVibeApps/VibeWatch/.worktrees/data-layer-notifications-refactor/VibeWatch/VibeWatchApp/Core/Services/ClipsPrefetchService.swift /Users/nicola/Documents/StartingVibeApps/VibeWatch/.worktrees/data-layer-notifications-refactor/VibeWatch/VibeWatchApp/Core/Services/ClipsRepository.swift /Users/nicola/Documents/StartingVibeApps/VibeWatch/.worktrees/data-layer-notifications-refactor/VibeWatch/VibeWatchApp/Core/Services/ClipsSearchService.swift /Users/nicola/Documents/StartingVibeApps/VibeWatch/.worktrees/data-layer-notifications-refactor/VibeWatch/VibeWatchApp/Core/Services/ContentCacheManager.swift /Users/nicola/Documents/StartingVibeApps/VibeWatch/.worktrees/data-layer-notifications-refactor/VibeWatch/VibeWatchApp/Core/Services/ConversationMemoryManager.swift /Users/nicola/Documents/StartingVibeApps/VibeWatch/.worktrees/data-layer-notifications-refactor/VibeWatch/VibeWatchApp/Core/Services/DailyContentPrefetchService.swift /Users/nicola/Documents/StartingVibeApps/VibeWatch/.worktrees/data-layer-notifications-refactor/VibeWatch/VibeWatchApp/Core/Services/DailyQuotaManager.swift /Users/nicola/Documents/StartingVibeApps/VibeWatch/.worktrees/data-layer-notifications-refactor/VibeWatch/VibeWatchApp/Core/Services/DatabaseClipsService.swift /Users/nicola/Documents/StartingVibeApps/VibeWatch/.worktrees/data-layer-notifications-refactor/VibeWatch/VibeWatchApp/Core/Services/DataCoordinator.swift /Users/nicola/Documents/StartingVibeApps/VibeWatch/.worktrees/data-layer-notifications-refactor/VibeWatch/VibeWatchApp/Core/Services/DetailCacheService.swift /Users/nicola/Documents/StartingVibeApps/VibeWatch/.worktrees/data-layer-notifications-refactor/VibeWatch/VibeWatchApp/Core/Services/DiscoveryCacheService.swift /Users/nicola/Documents/StartingVibeApps/VibeWatch/.worktrees/data-layer-notifications-refactor/VibeWatch/VibeWatchApp/Core/Services/DiscoveryCarouselBackgroundRefresher.swift /Users/nicola/Documents/StartingVibeApps/VibeWatch/.worktrees/data-layer-notifications-refactor/VibeWatch/VibeWatchApp/Core/Services/DiscoveryPersonalizationService.swift /Users/nicola/Documents/StartingVibeApps/VibeWatch/.worktrees/data-layer-notifications-refactor/VibeWatch/VibeWatchApp/Core/Services/ErrorHandler.swift /Users/nicola/Documents/StartingVibeApps/VibeWatch/.worktrees/data-layer-notifications-refactor/VibeWatch/VibeWatchApp/Core/Services/GamificationService.swift /Users/nicola/Documents/StartingVibeApps/VibeWatch/.worktrees/data-layer-notifications-refactor/VibeWatch/VibeWatchApp/Core/Services/ImageCacheService.swift /Users/nicola/Documents/StartingVibeApps/VibeWatch/.worktrees/data-layer-notifications-refactor/VibeWatch/VibeWatchApp/Core/Services/InstallIDService.swift /Users/nicola/Documents/StartingVibeApps/VibeWatch/.worktrees/data-layer-notifications-refactor/VibeWatch/VibeWatchApp/Core/Services/InterstitialAdManager.swift /Users/nicola/Documents/StartingVibeApps/VibeWatch/.worktrees/data-layer-notifications-refactor/VibeWatch/VibeWatchApp/Core/Services/KeychainStorage.swift /Users/nicola/Documents/StartingVibeApps/VibeWatch/.worktrees/data-layer-notifications-refactor/VibeWatch/VibeWatchApp/Core/Services/ListAvailabilityService.swift /Users/nicola/Documents/StartingVibeApps/VibeWatch/.worktrees/data-layer-notifications-refactor/VibeWatch/VibeWatchApp/Core/Services/ListManager.swift /Users/nicola/Documents/StartingVibeApps/VibeWatch/.worktrees/data-layer-notifications-refactor/VibeWatch/VibeWatchApp/Core/Services/LocalizationManager.swift /Users/nicola/Documents/StartingVibeApps/VibeWatch/.worktrees/data-layer-notifications-refactor/VibeWatch/VibeWatchApp/Core/Services/MovieReactionService.swift /Users/nicola/Documents/StartingVibeApps/VibeWatch/.worktrees/data-layer-notifications-refactor/VibeWatch/VibeWatchApp/Core/Services/NetworkMonitor.swift /Users/nicola/Documents/StartingVibeApps/VibeWatch/.worktrees/data-layer-notifications-refactor/VibeWatch/VibeWatchApp/Core/Services/NotificationBackgroundTask.swift /Users/nicola/Documents/StartingVibeApps/VibeWatch/.worktrees/data-layer-notifications-refactor/VibeWatch/VibeWatchApp/Core/Services/NotificationService.swift /Users/nicola/Documents/StartingVibeApps/VibeWatch/.worktrees/data-layer-notifications-refactor/VibeWatch/VibeWatchApp/Core/Services/PaywallTriggerService.swift /Users/nicola/Documents/StartingVibeApps/VibeWatch/.worktrees/data-layer-notifications-refactor/VibeWatch/VibeWatchApp/Core/Services/PersonalizedClipsService.swift /Users/nicola/Documents/StartingVibeApps/VibeWatch/.worktrees/data-layer-notifications-refactor/VibeWatch/VibeWatchApp/Core/Services/PostHogClient.swift /Users/nicola/Documents/StartingVibeApps/VibeWatch/.worktrees/data-layer-notifications-refactor/VibeWatch/VibeWatchApp/Core/Services/PredictiveRecommendationService.swift /Users/nicola/Documents/StartingVibeApps/VibeWatch/.worktrees/data-layer-notifications-refactor/VibeWatch/VibeWatchApp/Core/Services/QuickClipsService.swift /Users/nicola/Documents/StartingVibeApps/VibeWatch/.worktrees/data-layer-notifications-refactor/VibeWatch/VibeWatchApp/Core/Services/RealtimeSyncService.swift /Users/nicola/Documents/StartingVibeApps/VibeWatch/.worktrees/data-layer-notifications-refactor/VibeWatch/VibeWatchApp/Core/Services/RevenueCatService.swift /Users/nicola/Documents/StartingVibeApps/VibeWatch/.worktrees/data-layer-notifications-refactor/VibeWatch/VibeWatchApp/Core/Services/ReviewPromptManager.swift /Users/nicola/Documents/StartingVibeApps/VibeWatch/.worktrees/data-layer-notifications-refactor/VibeWatch/VibeWatchApp/Core/Services/SmartNotificationService.swift /Users/nicola/Documents/StartingVibeApps/VibeWatch/.worktrees/data-layer-notifications-refactor/VibeWatch/VibeWatchApp/Core/Services/TrackingPermissionManager.swift /Users/nicola/Documents/StartingVibeApps/VibeWatch/.worktrees/data-layer-notifications-refactor/VibeWatch/VibeWatchApp/Core/Services/UpdateCheckService.swift /Users/nicola/Documents/StartingVibeApps/VibeWatch/.worktrees/data-layer-notifications-refactor/VibeWatch/VibeWatchApp/Core/Services/UserEngagementTracker.swift /Users/nicola/Documents/StartingVibeApps/VibeWatch/.worktrees/data-layer-notifications-refactor/VibeWatch/VibeWatchApp/Core/Services/UserPreferenceManager.swift /Users/nicola/Documents/StartingVibeApps/VibeWatch/.worktrees/data-layer-notifications-refactor/VibeWatch/VibeWatchApp/Core/Supabase/SupabaseClient.swift /Users/nicola/Documents/StartingVibeApps/VibeWatch/.worktrees/data-layer-notifications-refactor/VibeWatch/VibeWatchApp/Core/Utilities/AppNavigationManager.swift /Users/nicola/Documents/StartingVibeApps/VibeWatch/.worktrees/data-layer-notifications-refactor/VibeWatch/VibeWatchApp/Core/Utilities/LanguageDetector.swift /Users/nicola/Documents/StartingVibeApps/VibeWatch/.worktrees/data-layer-notifications-refactor/VibeWatch/VibeWatchApp/Core/Utilities/Logger.swift /Users/nicola/Documents/StartingVibeApps/VibeWatch/.worktrees/data-layer-notifications-refactor/VibeWatch/VibeWatchApp/Core/Utilities/PlatformDeepLinkHelper.swift /Users/nicola/Documents/StartingVibeApps/VibeWatch/.worktrees/data-layer-notifications-refactor/VibeWatch/VibeWatchApp/Features/Clips/ViewModels/ClipsSearchViewModel.swift /Users/nicola/Documents/StartingVibeApps/VibeWatch/.worktrees/data-layer-notifications-refactor/VibeWatch/VibeWatchApp/Features/Clips/ViewModels/ClipsViewModel.swift /Users/nicola/Documents/StartingVibeApps/VibeWatch/.worktrees/data-layer-notifications-refactor/VibeWatch/VibeWatchApp/Features/Clips/Views/AccountCreationGateView.swift /Users/nicola/Documents/StartingVibeApps/VibeWatch/.worktrees/data-layer-notifications-refactor/VibeWatch/VibeWatchApp/Features/Clips/Views/ClipsSearchView.swift /Users/nicola/Documents/StartingVibeApps/VibeWatch/.worktrees/data-layer-notifications-refactor/VibeWatch/VibeWatchApp/Features/Clips/Views/ClipsView.swift /Users/nicola/Documents/StartingVibeApps/VibeWatch/.worktrees/data-layer-notifications-refactor/VibeWatch/VibeWatchApp/Features/Clips/Views/DailyLimitPaywallView.swift /Users/nicola/Documents/StartingVibeApps/VibeWatch/.worktrees/data-layer-notifications-refactor/VibeWatch/VibeWatchApp/Features/Clips/Views/PricingCard.swift /Users/nicola/Documents/StartingVibeApps/VibeWatch/.worktrees/data-layer-notifications-refactor/VibeWatch/VibeWatchApp/Features/Clips/Views/ProPaywallView.swift /Users/nicola/Documents/StartingVibeApps/VibeWatch/.worktrees/data-layer-notifications-refactor/VibeWatch/VibeWatchApp/Features/Discovery/Models/FilmographySelection.swift /Users/nicola/Documents/StartingVibeApps/VibeWatch/.worktrees/data-layer-notifications-refactor/VibeWatch/VibeWatchApp/Features/Discovery/ViewModels/ActorDetailViewModel.swift /Users/nicola/Documents/StartingVibeApps/VibeWatch/.worktrees/data-layer-notifications-refactor/VibeWatch/VibeWatchApp/Features/Discovery/ViewModels/AIRecommendationViewModel.swift /Users/nicola/Documents/StartingVibeApps/VibeWatch/.worktrees/data-layer-notifications-refactor/VibeWatch/VibeWatchApp/Features/Discovery/ViewModels/DiscoveryViewModel.swift /Users/nicola/Documents/StartingVibeApps/VibeWatch/.worktrees/data-layer-notifications-refactor/VibeWatch/VibeWatchApp/Features/Discovery/ViewModels/MovieDetailViewModel.swift /Users/nicola/Documents/StartingVibeApps/VibeWatch/.worktrees/data-layer-notifications-refactor/VibeWatch/VibeWatchApp/Features/Discovery/ViewModels/SearchViewModel.swift /Users/nicola/Documents/StartingVibeApps/VibeWatch/.worktrees/data-layer-notifications-refactor/VibeWatch/VibeWatchApp/Features/Discovery/Views/ActorDetailView.swift /Users/nicola/Documents/StartingVibeApps/VibeWatch/.worktrees/data-layer-notifications-refactor/VibeWatch/VibeWatchApp/Features/Discovery/Views/AIRecommendationsView.swift /Users/nicola/Documents/StartingVibeApps/VibeWatch/.worktrees/data-layer-notifications-refactor/VibeWatch/VibeWatchApp/Features/Discovery/Views/DiscoveryView.swift /Users/nicola/Documents/StartingVibeApps/VibeWatch/.worktrees/data-layer-notifications-refactor/VibeWatch/VibeWatchApp/Features/Discovery/Views/GlobalFilterView.swift /Users/nicola/Documents/StartingVibeApps/VibeWatch/.worktrees/data-layer-notifications-refactor/VibeWatch/VibeWatchApp/Features/Discovery/Views/MovieDetailView.swift /Users/nicola/Documents/StartingVibeApps/VibeWatch/.worktrees/data-layer-notifications-refactor/VibeWatch/VibeWatchApp/Features/Discovery/Views/SearchView.swift /Users/nicola/Documents/StartingVibeApps/VibeWatch/.worktrees/data-layer-notifications-refactor/VibeWatch/VibeWatchApp/Features/Discovery/Views/TVShowDetailView.swift /Users/nicola/Documents/StartingVibeApps/VibeWatch/.worktrees/data-layer-notifications-refactor/VibeWatch/VibeWatchApp/Features/Gamification/Views/BadgeGalleryView.swift /Users/nicola/Documents/StartingVibeApps/VibeWatch/.worktrees/data-layer-notifications-refactor/VibeWatch/VibeWatchApp/Features/Gamification/Views/FloatingXPBadgeView.swift /Users/nicola/Documents/StartingVibeApps/VibeWatch/.worktrees/data-layer-notifications-refactor/VibeWatch/VibeWatchApp/Features/Gamification/Views/LevelProgressView.swift /Users/nicola/Documents/StartingVibeApps/VibeWatch/.worktrees/data-layer-notifications-refactor/VibeWatch/VibeWatchApp/Features/Gamification/Views/LevelUpBannerView.swift /Users/nicola/Documents/StartingVibeApps/VibeWatch/.worktrees/data-layer-notifications-refactor/VibeWatch/VibeWatchApp/Features/Gamification/Views/XPToastView.swift /Users/nicola/Documents/StartingVibeApps/VibeWatch/.worktrees/data-layer-notifications-refactor/VibeWatch/VibeWatchApp/Features/Lists/ViewModels/ListsViewModel.swift /Users/nicola/Documents/StartingVibeApps/VibeWatch/.worktrees/data-layer-notifications-refactor/VibeWatch/VibeWatchApp/Features/Lists/Views/ListsView.swift /Users/nicola/Documents/StartingVibeApps/VibeWatch/.worktrees/data-layer-notifications-refactor/VibeWatch/VibeWatchApp/Features/Onboarding/ViewModels/OnboardingViewModel.swift /Users/nicola/Documents/StartingVibeApps/VibeWatch/.worktrees/data-layer-notifications-refactor/VibeWatch/VibeWatchApp/Features/Onboarding/Views/OnboardingAccountView.swift /Users/nicola/Documents/StartingVibeApps/VibeWatch/.worktrees/data-layer-notifications-refactor/VibeWatch/VibeWatchApp/Features/Onboarding/Views/OnboardingContainerView.swift /Users/nicola/Documents/StartingVibeApps/VibeWatch/.worktrees/data-layer-notifications-refactor/VibeWatch/VibeWatchApp/Features/Onboarding/Views/OnboardingPaywallWrapper.swift /Users/nicola/Documents/StartingVibeApps/VibeWatch/.worktrees/data-layer-notifications-refactor/VibeWatch/VibeWatchApp/Features/Onboarding/Views/OnboardingSteps.swift /Users/nicola/Documents/StartingVibeApps/VibeWatch/.worktrees/data-layer-notifications-refactor/VibeWatch/VibeWatchApp/Features/Onboarding/Views/OnboardingView.swift /Users/nicola/Documents/StartingVibeApps/VibeWatch/.worktrees/data-layer-notifications-refactor/VibeWatch/VibeWatchApp/Features/Profile/Views/AnalyticsDashboardView.swift /Users/nicola/Documents/StartingVibeApps/VibeWatch/.worktrees/data-layer-notifications-refactor/VibeWatch/VibeWatchApp/Features/Profile/Views/AnalyticsHealthDebugView.swift /Users/nicola/Documents/StartingVibeApps/VibeWatch/.worktrees/data-layer-notifications-refactor/VibeWatch/VibeWatchApp/Features/Profile/Views/CheckEmailView.swift /Users/nicola/Documents/StartingVibeApps/VibeWatch/.worktrees/data-layer-notifications-refactor/VibeWatch/VibeWatchApp/Features/Profile/Views/NotificationPreferencesView.swift /Users/nicola/Documents/StartingVibeApps/VibeWatch/.worktrees/data-layer-notifications-refactor/VibeWatch/VibeWatchApp/Features/Profile/Views/PasswordResetView.swift /Users/nicola/Documents/StartingVibeApps/VibeWatch/.worktrees/data-layer-notifications-refactor/VibeWatch/VibeWatchApp/Features/Profile/Views/ProfileView.swift /Users/nicola/Documents/StartingVibeApps/VibeWatch/.worktrees/data-layer-notifications-refactor/VibeWatch/VibeWatchApp/Features/Profile/Views/SettingsView.swift /Users/nicola/Documents/StartingVibeApps/VibeWatch/.worktrees/data-layer-notifications-refactor/VibeWatch/VibeWatchApp/Features/Profile/Views/SignInView.swift /Users/nicola/Documents/StartingVibeApps/VibeWatch/.worktrees/data-layer-notifications-refactor/VibeWatch/VibeWatchApp/Features/Profile/Views/SignUpView.swift /Users/nicola/Documents/StartingVibeApps/VibeWatch/.worktrees/data-layer-notifications-refactor/VibeWatch/VibeWatchApp/Infrastructure/Sync/ConflictResolver.swift /Users/nicola/Documents/StartingVibeApps/VibeWatch/.worktrees/data-layer-notifications-refactor/VibeWatch/VibeWatchApp/Infrastructure/Sync/ConflictStrategy.swift /Users/nicola/Documents/StartingVibeApps/VibeWatch/.worktrees/data-layer-notifications-refactor/VibeWatch/VibeWatchApp/Infrastructure/Sync/SyncEngine.swift /Users/nicola/Documents/StartingVibeApps/VibeWatch/.worktrees/data-layer-notifications-refactor/VibeWatch/VibeWatchApp/Infrastructure/Sync/SyncState.swift /Users/nicola/Documents/StartingVibeApps/VibeWatch/.worktrees/data-layer-notifications-refactor/VibeWatch/VibeWatchApp/Infrastructure/Sync/SyncStateMachine.swift /Users/nicola/Documents/StartingVibeApps/VibeWatch/.worktrees/data-layer-notifications-refactor/VibeWatch/VibeWatchApp/Infrastructure/Sync/SyncTrigger.swift /Users/nicola/Documents/StartingVibeApps/VibeWatch/.worktrees/data-layer-notifications-refactor/VibeWatch/VibeWatchApp/Shared/Components/AuthenticationGateView.swift /Users/nicola/Documents/StartingVibeApps/VibeWatch/.worktrees/data-layer-notifications-refactor/VibeWatch/VibeWatchApp/Shared/Components/BannerAdView.swift /Users/nicola/Documents/StartingVibeApps/VibeWatch/.worktrees/data-layer-notifications-refactor/VibeWatch/VibeWatchApp/Shared/Components/CachedAsyncImage.swift /Users/nicola/Documents/StartingVibeApps/VibeWatch/.worktrees/data-layer-notifications-refactor/VibeWatch/VibeWatchApp/Shared/Components/CommentInputView.swift /Users/nicola/Documents/StartingVibeApps/VibeWatch/.worktrees/data-layer-notifications-refactor/VibeWatch/VibeWatchApp/Shared/Components/CommentRowView.swift /Users/nicola/Documents/StartingVibeApps/VibeWatch/.worktrees/data-layer-notifications-refactor/VibeWatch/VibeWatchApp/Shared/Components/CommentsListView.swift /Users/nicola/Documents/StartingVibeApps/VibeWatch/.worktrees/data-layer-notifications-refactor/VibeWatch/VibeWatchApp/Shared/Components/ConfirmationPopup.swift /Users/nicola/Documents/StartingVibeApps/VibeWatch/.worktrees/data-layer-notifications-refactor/VibeWatch/VibeWatchApp/Shared/Components/CustomTextFieldStyle.swift /Users/nicola/Documents/StartingVibeApps/VibeWatch/.worktrees/data-layer-notifications-refactor/VibeWatch/VibeWatchApp/Shared/Components/DiscoveryFiltersSheet.swift /Users/nicola/Documents/StartingVibeApps/VibeWatch/.worktrees/data-layer-notifications-refactor/VibeWatch/VibeWatchApp/Shared/Components/ErrorAlert.swift /Users/nicola/Documents/StartingVibeApps/VibeWatch/.worktrees/data-layer-notifications-refactor/VibeWatch/VibeWatchApp/Shared/Components/ImagePicker.swift /Users/nicola/Documents/StartingVibeApps/VibeWatch/.worktrees/data-layer-notifications-refactor/VibeWatch/VibeWatchApp/Shared/Components/LiquidGlassToggle.swift /Users/nicola/Documents/StartingVibeApps/VibeWatch/.worktrees/data-layer-notifications-refactor/VibeWatch/VibeWatchApp/Shared/Components/LiquidGlassView.swift /Users/nicola/Documents/StartingVibeApps/VibeWatch/.worktrees/data-layer-notifications-refactor/VibeWatch/VibeWatchApp/Shared/Components/ListTypeSwitcher.swift /Users/nicola/Documents/StartingVibeApps/VibeWatch/.worktrees/data-layer-notifications-refactor/VibeWatch/VibeWatchApp/Shared/Components/MediaFilterSwitcher.swift /Users/nicola/Documents/StartingVibeApps/VibeWatch/.worktrees/data-layer-notifications-refactor/VibeWatch/VibeWatchApp/Shared/Components/MovieReactionView.swift /Users/nicola/Documents/StartingVibeApps/VibeWatch/.worktrees/data-layer-notifications-refactor/VibeWatch/VibeWatchApp/Shared/Components/OfflineBanner.swift /Users/nicola/Documents/StartingVibeApps/VibeWatch/.worktrees/data-layer-notifications-refactor/VibeWatch/VibeWatchApp/Shared/Components/PlatformSelector.swift /Users/nicola/Documents/StartingVibeApps/VibeWatch/.worktrees/data-layer-notifications-refactor/VibeWatch/VibeWatchApp/Shared/Components/PopupOverlayBackground.swift /Users/nicola/Documents/StartingVibeApps/VibeWatch/.worktrees/data-layer-notifications-refactor/VibeWatch/VibeWatchApp/Shared/Components/ProUpgradeIconButton.swift /Users/nicola/Documents/StartingVibeApps/VibeWatch/.worktrees/data-layer-notifications-refactor/VibeWatch/VibeWatchApp/Shared/Components/SaveToListPanel.swift /Users/nicola/Documents/StartingVibeApps/VibeWatch/.worktrees/data-layer-notifications-refactor/VibeWatch/VibeWatchApp/Shared/Components/ShareSheet.swift /Users/nicola/Documents/StartingVibeApps/VibeWatch/.worktrees/data-layer-notifications-refactor/VibeWatch/VibeWatchApp/Shared/Components/SplashScreen.swift /Users/nicola/Documents/StartingVibeApps/VibeWatch/.worktrees/data-layer-notifications-refactor/VibeWatch/VibeWatchApp/Shared/Components/SVGImageView.swift /Users/nicola/Documents/StartingVibeApps/VibeWatch/.worktrees/data-layer-notifications-refactor/VibeWatch/VibeWatchApp/Shared/Components/ToastView.swift /Users/nicola/Documents/StartingVibeApps/VibeWatch/.worktrees/data-layer-notifications-refactor/VibeWatch/VibeWatchApp/Shared/Components/UpdateRequiredView.swift /Users/nicola/Documents/StartingVibeApps/VibeWatch/.worktrees/data-layer-notifications-refactor/VibeWatch/VibeWatchApp/Shared/Extensions/Array+Chunked.swift /Users/nicola/Documents/StartingVibeApps/VibeWatch/.worktrees/data-layer-notifications-refactor/VibeWatch/VibeWatchApp/Shared/Extensions/Color+Theme.swift /Users/nicola/Documents/StartingVibeApps/VibeWatch/.worktrees/data-layer-notifications-refactor/VibeWatch/VibeWatchApp/Shared/Extensions/Notification+Names.swift /Users/nicola/Documents/StartingVibeApps/VibeWatch/.worktrees/data-layer-notifications-refactor/VibeWatch/VibeWatchApp/Shared/Extensions/View+SwipeBackGesture.swift /Users/nicola/Documents/StartingVibeApps/VibeWatch/.worktrees/data-layer-notifications-refactor/VibeWatch/VibeWatchApp/Shared/Utilities/ValidationHelper.swift /Users/nicola/Library/Developer/Xcode/DerivedData/VibeWatchApp-fejkxouadzscgxcomkozzhgylxpi/Build/Intermediates.noindex/VibeWatchApp.build/Release-iphonesimulator/VibeWatchApp.build/DerivedSources/GeneratedAssetSymbols.swift /Users/nicola/Library/Developer/Xcode/DerivedData/VibeWatchApp-fejkxouadzscgxcomkozzhgylxpi/Build/Products/Release-iphonesimulator/Crypto.swiftmodule/arm64-apple-ios-simulator.swiftmodule /Applications/Xcode.app/Contents/Developer/Toolchains/XcodeDefault.xctoolchain/usr/lib/swift/iphonesimulator/prebuilt-modules/26.2/AVFoundation.swiftmodule/arm64-apple-ios-simulator.swiftmodule /Applications/Xcode.app/Contents/Developer/Toolchains/XcodeDefault.xctoolchain/usr/lib/swift/iphonesimulator/prebuilt-modules/26.2/XPC.swiftmodule/arm64-apple-ios-simulator.swiftmodule /Applications/Xcode.app/Contents/Developer/Toolchains/XcodeDefault.xctoolchain/usr/lib/swift/iphonesimulator/prebuilt-modules/26.2/DataDetection.swiftmodule/arm64-apple-ios-simulator.swiftmodule /Applications/Xcode.app/Contents/Developer/Toolchains/XcodeDefault.xctoolchain/usr/lib/swift/iphonesimulator/prebuilt-modules/26.2/_WebKit_SwiftUI.swiftmodule/arm64-apple-ios-simulator.swiftmodule /Applications/Xcode.app/Contents/Developer/Toolchains/XcodeDefault.xctoolchain/usr/lib/swift/iphonesimulator/prebuilt-modules/26.2/Accessibility.swiftmodule/arm64-apple-ios-simulator.swiftmodule /Applications/Xcode.app/Contents/Developer/Toolchains/XcodeDefault.xctoolchain/usr/lib/swift/iphonesimulator/prebuilt-modules/26.2/AuthenticationServices.swiftmodule/arm64-apple-ios-simulator.swiftmodule /Applications/Xcode.app/Contents/Developer/Toolchains/XcodeDefault.xctoolchain/usr/lib/swift/iphonesimulator/prebuilt-modules/26.2/Combine.swiftmodule/arm64-apple-ios-simulator.swiftmodule /Applications/Xcode.app/Contents/Developer/Toolchains/XcodeDefault.xctoolchain/usr/lib/swift/iphonesimulator/prebuilt-modules/26.2/WebKit.swiftmodule/arm64-apple-ios-simulator.swiftmodule /Applications/Xcode.app/Contents/Developer/Toolchains/XcodeDefault.xctoolchain/usr/lib/swift/iphonesimulator/prebuilt-modules/26.2/BackgroundAssets.swiftmodule/arm64-apple-ios-simulator.swiftmodule /Users/nicola/Library/Developer/Xcode/DerivedData/VibeWatchApp-fejkxouadzscgxcomkozzhgylxpi/Build/Products/Release-iphonesimulator/Helpers.swiftmodule/arm64-apple-ios-simulator.swiftmodule /Applications/Xcode.app/Contents/Developer/Toolchains/XcodeDefault.xctoolchain/usr/lib/swift/iphonesimulator/prebuilt-modules/26.2/CryptoKit.swiftmodule/arm64-apple-ios-simulator.swiftmodule /Applications/Xcode.app/Contents/Developer/Toolchains/XcodeDefault.xctoolchain/usr/lib/swift/iphonesimulator/prebuilt-modules/26.2/SwiftUI.swiftmodule/arm64-apple-ios-simulator.swiftmodule /Applications/Xcode.app/Contents/Developer/Toolchains/XcodeDefault.xctoolchain/usr/lib/swift/iphonesimulator/prebuilt-modules/26.2/SwiftUICore.swiftmodule/arm64-apple-ios-simulator.swiftmodule /Applications/Xcode.app/Contents/Developer/Toolchains/XcodeDefault.xctoolchain/usr/lib/swift/iphonesimulator/prebuilt-modules/26.2/PhotosUI.swiftmodule/arm64-apple-ios-simulator.swiftmodule /Applications/Xcode.app/Contents/Developer/Toolchains/XcodeDefault.xctoolchain/usr/lib/swift/iphonesimulator/prebuilt-modules/26.2/CoreMedia.swiftmodule/arm64-apple-ios-simulator.swiftmodule /Applications/Xcode.app/Contents/Developer/Toolchains/XcodeDefault.xctoolchain/usr/lib/swift/iphonesimulator/prebuilt-modules/26.2/SwiftOnoneSupport.swiftmodule/arm64-apple-ios-simulator.swiftmodule /Users/nicola/Library/Developer/Xcode/DerivedData/VibeWatchApp-fejkxouadzscgxcomkozzhgylxpi/Build/Products/Release-iphonesimulator/Realtime.swiftmodule/arm64-apple-ios-simulator.swiftmodule /Applications/Xcode.app/Contents/Developer/Toolchains/XcodeDefault.xctoolchain/usr/lib/swift/iphonesimulator/prebuilt-modules/26.2/_DarwinFoundation3.swiftmodule/arm64-apple-ios-simulator.swiftmodule /Users/nicola/Library/Developer/Xcode/DerivedData/VibeWatchApp-fejkxouadzscgxcomkozzhgylxpi/Build/Products/Release-iphonesimulator/Supabase.swiftmodule/arm64-apple-ios-simulator.swiftmodule /Applications/Xcode.app/Contents/Developer/Toolchains/XcodeDefault.xctoolchain/usr/lib/swift/iphonesimulator/prebuilt-modules/26.2/DeveloperToolsSupport.swiftmodule/arm64-apple-ios-simulator.swiftmodule /Applications/Xcode.app/Contents/Developer/Toolchains/XcodeDefault.xctoolchain/usr/lib/swift/iphonesimulator/prebuilt-modules/26.2/CoreAudio.swiftmodule/arm64-apple-ios-simulator.swiftmodule /Applications/Xcode.app/Contents/Developer/Toolchains/XcodeDefault.xctoolchain/usr/lib/swift/iphonesimulator/prebuilt-modules/26.2/OSLog.swiftmodule/arm64-apple-ios-simulator.swiftmodule /Applications/Xcode.app/Contents/Developer/Toolchains/XcodeDefault.xctoolchain/usr/lib/swift/iphonesimulator/prebuilt-modules/26.2/_StoreKit_SwiftUI.swiftmodule/arm64-apple-ios-simulator.swiftmodule /Applications/Xcode.app/Contents/Developer/Toolchains/XcodeDefault.xctoolchain/usr/lib/swift/iphonesimulator/prebuilt-modules/26.2/QuartzCore.swiftmodule/arm64-apple-ios-simulator.swiftmodule /Applications/Xcode.app/Contents/Developer/Toolchains/XcodeDefault.xctoolchain/usr/lib/swift/iphonesimulator/prebuilt-modules/26.2/AudioToolbox.swiftmodule/arm64-apple-ios-simulator.swiftmodule /Applications/Xcode.app/Contents/Developer/Toolchains/XcodeDefault.xctoolchain/usr/lib/swift/iphonesimulator/prebuilt-modules/26.2/CoreData.swiftmodule/arm64-apple-ios-simulator.swiftmodule /Applications/Xcode.app/Contents/Developer/Toolchains/XcodeDefault.xctoolchain/usr/lib/swift/iphonesimulator/prebuilt-modules/26.2/_Builtin_float.swiftmodule/arm64-apple-ios-simulator.swiftmodule /Applications/Xcode.app/Contents/Developer/Toolchains/XcodeDefault.xctoolchain/usr/lib/swift/iphonesimulator/prebuilt-modules/26.2/Observation.swiftmodule/arm64-apple-ios-simulator.swiftmodule /Applications/Xcode.app/Contents/Developer/Toolchains/XcodeDefault.xctoolchain/usr/lib/swift/iphonesimulator/prebuilt-modules/26.2/Foundation.swiftmodule/arm64-apple-ios-simulator.swiftmodule /Applications/Xcode.app/Contents/Developer/Toolchains/XcodeDefault.xctoolchain/usr/lib/swift/iphonesimulator/prebuilt-modules/26.2/UniformTypeIdentifiers.swiftmodule/arm64-apple-ios-simulator.swiftmodule /Users/nicola/Library/Developer/Xcode/DerivedData/VibeWatchApp-fejkxouadzscgxcomkozzhgylxpi/Build/Products/Release-iphonesimulator/Storage.swiftmodule/arm64-apple-ios-simulator.swiftmodule /Applications/Xcode.app/Contents/Developer/Toolchains/XcodeDefault.xctoolchain/usr/lib/swift/iphonesimulator/prebuilt-modules/26.2/CoreGraphics.swiftmodule/arm64-apple-ios-simulator.swiftmodule /Applications/Xcode.app/Contents/Developer/Toolchains/XcodeDefault.xctoolchain/usr/lib/swift/iphonesimulator/prebuilt-modules/26.2/os.swiftmodule/arm64-apple-ios-simulator.swiftmodule /Users/nicola/Library/Developer/Xcode/DerivedData/VibeWatchApp-fejkxouadzscgxcomkozzhgylxpi/Build/Products/Release-iphonesimulator/PostgREST.swiftmodule/arm64-apple-ios-simulator.swiftmodule /Applications/Xcode.app/Contents/Developer/Toolchains/XcodeDefault.xctoolchain/usr/lib/swift/iphonesimulator/prebuilt-modules/26.2/Metal.swiftmodule/arm64-apple-ios-simulator.swiftmodule /Applications/Xcode.app/Contents/Developer/Toolchains/XcodeDefault.xctoolchain/usr/lib/swift/iphonesimulator/prebuilt-modules/26.2/AVFAudio.swiftmodule/arm64-apple-ios-simulator.swiftmodule /Applications/Xcode.app/Contents/Developer/Toolchains/XcodeDefault.xctoolchain/usr/lib/swift/iphonesimulator/prebuilt-modules/26.2/CoreLocation.swiftmodule/arm64-apple-ios-simulator.swiftmodule /Applications/Xcode.app/Contents/Developer/Toolchains/XcodeDefault.xctoolchain/usr/lib/swift/iphonesimulator/prebuilt-modules/26.2/LocalAuthentication.swiftmodule/arm64-apple-ios-simulator.swiftmodule /Applications/Xcode.app/Contents/Developer/Toolchains/XcodeDefault.xctoolchain/usr/lib/swift/iphonesimulator/prebuilt-modules/26.2/Synchronization.swiftmodule/arm64-apple-ios-simulator.swiftmodule /Users/nicola/Library/Developer/Xcode/DerivedData/VibeWatchApp-fejkxouadzscgxcomkozzhgylxpi/Build/Products/Release-iphonesimulator/ConcurrencyExtras.swiftmodule/arm64-apple-ios-simulator.swiftmodule /Users/nicola/Library/Developer/Xcode/DerivedData/VibeWatchApp-fejkxouadzscgxcomkozzhgylxpi/Build/Products/Release-iphonesimulator/Functions.swiftmodule/arm64-apple-ios-simulator.swiftmodule /Applications/Xcode.app/Contents/Developer/Toolchains/XcodeDefault.xctoolchain/usr/lib/swift/iphonesimulator/prebuilt-modules/26.2/NaturalLanguage.swiftmodule/arm64-apple-ios-simulator.swiftmodule /Users/nicola/Library/Developer/Xcode/DerivedData/VibeWatchApp-fejkxouadzscgxcomkozzhgylxpi/Build/Products/Release-iphonesimulator/XCTestDynamicOverlay.swiftmodule/arm64-apple-ios-simulator.swiftmodule /Applications/Xcode.app/Contents/Developer/Toolchains/XcodeDefault.xctoolchain/usr/lib/swift/iphonesimulator/prebuilt-modules/26.2/Symbols.swiftmodule/arm64-apple-ios-simulator.swiftmodule /Applications/Xcode.app/Contents/Developer/Toolchains/XcodeDefault.xctoolchain/usr/lib/swift/iphonesimulator/prebuilt-modules/26.2/UIKit.swiftmodule/arm64-apple-ios-simulator.swiftmodule /Applications/Xcode.app/Contents/Developer/Toolchains/XcodeDefault.xctoolchain/usr/lib/swift/iphonesimulator/prebuilt-modules/26.2/_DarwinFoundation2.swiftmodule/arm64-apple-ios-simulator.swiftmodule /Users/nicola/Library/Developer/Xcode/DerivedData/VibeWatchApp-fejkxouadzscgxcomkozzhgylxpi/Build/Products/Release-iphonesimulator/IssueReporting.swiftmodule/arm64-apple-ios-simulator.swiftmodule /Applications/Xcode.app/Contents/Developer/Toolchains/XcodeDefault.xctoolchain/usr/lib/swift/iphonesimulator/prebuilt-modules/26.2/Swift.swiftmodule/arm64-apple-ios-simulator.swiftmodule /Applications/Xcode.app/Contents/Developer/Toolchains/XcodeDefault.xctoolchain/usr/lib/swift/iphonesimulator/prebuilt-modules/26.2/ExtensionFoundation.swiftmodule/arm64-apple-ios-simulator.swiftmodule /Applications/Xcode.app/Contents/Developer/Toolchains/XcodeDefault.xctoolchain/usr/lib/swift/iphonesimulator/prebuilt-modules/26.2/AVKit.swiftmodule/arm64-apple-ios-simulator.swiftmodule /Users/nicola/Library/Developer/Xcode/DerivedData/VibeWatchApp-fejkxouadzscgxcomkozzhgylxpi/Build/Products/Release-iphonesimulator/HTTPTypes.swiftmodule/arm64-apple-ios-simulator.swiftmodule /Applications/Xcode.app/Contents/Developer/Toolchains/XcodeDefault.xctoolchain/usr/lib/swift/iphonesimulator/prebuilt-modules/26.2/_AVKit_SwiftUI.swiftmodule/arm64-apple-ios-simulator.swiftmodule /Applications/Xcode.app/Contents/Developer/Toolchains/XcodeDefault.xctoolchain/usr/lib/swift/iphonesimulator/prebuilt-modules/26.2/Charts.swiftmodule/arm64-apple-ios-simulator.swiftmodule /Users/nicola/Library/Developer/Xcode/DerivedData/VibeWatchApp-fejkxouadzscgxcomkozzhgylxpi/Build/Products/Release-iphonesimulator/Auth.swiftmodule/arm64-apple-ios-simulator.swiftmodule /Applications/Xcode.app/Contents/Developer/Toolchains/XcodeDefault.xctoolchain/usr/lib/swift/iphonesimulator/prebuilt-modules/26.2/Dispatch.swiftmodule/arm64-apple-ios-simulator.swiftmodule /Applications/Xcode.app/Contents/Developer/Toolchains/XcodeDefault.xctoolchain/usr/lib/swift/iphonesimulator/prebuilt-modules/26.2/Darwin.swiftmodule/arm64-apple-ios-simulator.swiftmodule /Applications/Xcode.app/Contents/Developer/Toolchains/XcodeDefault.xctoolchain/usr/lib/swift/iphonesimulator/prebuilt-modules/26.2/Distributed.swiftmodule/arm64-apple-ios-simulator.swiftmodule /Applications/Xcode.app/Contents/Developer/Toolchains/XcodeDefault.xctoolchain/usr/lib/swift/iphonesimulator/prebuilt-modules/26.2/CoreVideo.swiftmodule/arm64-apple-ios-simulator.swiftmodule /Users/nicola/Library/Developer/Xcode/DerivedData/VibeWatchApp-fejkxouadzscgxcomkozzhgylxpi/Build/Products/Release-iphonesimulator/IssueReportingPackageSupport.swiftmodule/arm64-apple-ios-simulator.swiftmodule /Applications/Xcode.app/Contents/Developer/Toolchains/XcodeDefault.xctoolchain/usr/lib/swift/iphonesimulator/prebuilt-modules/26.2/CoreText.swiftmodule/arm64-apple-ios-simulator.swiftmodule /Applications/Xcode.app/Contents/Developer/Toolchains/XcodeDefault.xctoolchain/usr/lib/swift/iphonesimulator/prebuilt-modules/26.2/_StringProcessing.swiftmodule/arm64-apple-ios-simulator.swiftmodule /Applications/Xcode.app/Contents/Developer/Toolchains/XcodeDefault.xctoolchain/usr/lib/swift/iphonesimulator/prebuilt-modules/26.2/CoreMIDI.swiftmodule/arm64-apple-ios-simulator.swiftmodule /Applications/Xcode.app/Contents/Developer/Toolchains/XcodeDefault.xctoolchain/usr/lib/swift/iphonesimulator/prebuilt-modules/26.2/simd.swiftmodule/arm64-apple-ios-simulator.swiftmodule /Users/nicola/Library/Developer/Xcode/DerivedData/VibeWatchApp-fejkxouadzscgxcomkozzhgylxpi/Build/Products/Release-iphonesimulator/RevenueCat.swiftmodule/arm64-apple-ios-simulator.swiftmodule /Applications/Xcode.app/Contents/Developer/Toolchains/XcodeDefault.xctoolchain/usr/lib/swift/iphonesimulator/prebuilt-modules/26.2/TipKit.swiftmodule/arm64-apple-ios-simulator.swiftmodule /Applications/Xcode.app/Contents/Developer/Toolchains/XcodeDefault.xctoolchain/usr/lib/swift/iphonesimulator/prebuilt-modules/26.2/Network.swiftmodule/arm64-apple-ios-simulator.swiftmodule /Applications/Xcode.app/Contents/Developer/Toolchains/XcodeDefault.xctoolchain/usr/lib/swift/iphonesimulator/prebuilt-modules/26.2/System.swiftmodule/arm64-apple-ios-simulator.swiftmodule /Applications/Xcode.app/Contents/Developer/Toolchains/XcodeDefault.xctoolchain/usr/lib/swift/iphonesimulator/prebuilt-modules/26.2/CoreTransferable.swiftmodule/arm64-apple-ios-simulator.swiftmodule /Applications/Xcode.app/Contents/Developer/Toolchains/XcodeDefault.xctoolchain/usr/lib/swift/iphonesimulator/prebuilt-modules/26.2/Photos.swiftmodule/arm64-apple-ios-simulator.swiftmodule /Applications/Xcode.app/Contents/Developer/Toolchains/XcodeDefault.xctoolchain/usr/lib/swift/iphonesimulator/prebuilt-modules/26.2/_DarwinFoundation1.swiftmodule/arm64-apple-ios-simulator.swiftmodule /Applications/Xcode.app/Contents/Developer/Toolchains/XcodeDefault.xctoolchain/usr/lib/swift/iphonesimulator/prebuilt-modules/26.2/CoreImage.swiftmodule/arm64-apple-ios-simulator.swiftmodule /Applications/Xcode.app/Contents/Developer/Toolchains/XcodeDefault.xctoolchain/usr/lib/swift/iphonesimulator/prebuilt-modules/26.2/_PhotosUI_SwiftUI.swiftmodule/arm64-apple-ios-simulator.swiftmodule /Applications/Xcode.app/Contents/Developer/Toolchains/XcodeDefault.xctoolchain/usr/lib/swift/iphonesimulator/prebuilt-modules/26.2/ObjectiveC.swiftmodule/arm64-apple-ios-simulator.swiftmodule /Applications/Xcode.app/Contents/Developer/Toolchains/XcodeDefault.xctoolchain/usr/lib/swift/iphonesimulator/prebuilt-modules/26.2/_Concurrency.swiftmodule/arm64-apple-ios-simulator.swiftmodule /Applications/Xcode.app/Contents/Developer/Toolchains/XcodeDefault.xctoolchain/usr/lib/swift/iphonesimulator/prebuilt-modules/26.2/StoreKit.swiftmodule/arm64-apple-ios-simulator.swiftmodule /Users/nicola/Library/Developer/Xcode/DerivedData/VibeWatchApp-fejkxouadzscgxcomkozzhgylxpi/Build/Products/Release-iphonesimulator/Clocks.swiftmodule/arm64-apple-ios-simulator.swiftmodule /Applications/Xcode.app/Contents/Developer/Toolchains/XcodeDefault.xctoolchain/usr/lib/swift/iphonesimulator/prebuilt-modules/26.2/CoreFoundation.swiftmodule/arm64-apple-ios-simulator.swiftmodule /Applications/Xcode.app/Contents/Developer/Toolchains/XcodeDefault.xctoolchain/usr/lib/swift/iphonesimulator/prebuilt-modules/26.2/FileProvider.swiftmodule/arm64-apple-ios-simulator.swiftmodule /Applications/Xcode.app/Contents/Developer/Toolchains/XcodeDefault.xctoolchain/usr/lib/swift/iphonesimulator/prebuilt-modules/26.2/Spatial.swiftmodule/arm64-apple-ios-simulator.swiftmodule /Users/nicola/Library/Developer/Xcode/DerivedData/ModuleCache.noindex/_Builtin_stdbool-2J6S3UQB4NS67ND8VDGO6OJJP.pcm /Users/nicola/Library/Developer/Xcode/DerivedData/ModuleCache.noindex/_Builtin_stdarg-9T6TGNTRYT11WJ540AV1MEH65.pcm /Users/nicola/Library/Developer/Xcode/DerivedData/ModuleCache.noindex/_Builtin_stdint-XFSGNDL9AKX28F6O5Q0VZFDX.pcm /Users/nicola/Library/Developer/Xcode/DerivedData/ModuleCache.noindex/AVRouting-D73IALB8WTHL3DJ2MH66TLOAL.pcm /Users/nicola/Library/Developer/Xcode/DerivedData/ModuleCache.noindex/_Builtin_intrinsics-DJNMWKN3LHDC7K7Q6B6WIMBJX.pcm /Users/nicola/Library/Developer/Xcode/DerivedData/ModuleCache.noindex/DeveloperToolsSupport-BNXYXG0BFV3NFKK9CKK6ZTJA9.pcm /Users/nicola/Library/Developer/Xcode/DerivedData/ModuleCache.noindex/Foundation-C5EWIH52G2PLL0Q729OMVDVL9.pcm /Users/nicola/Library/Developer/Xcode/DerivedData/ModuleCache.noindex/Metal-DWDFBKJDRYFP4RGMOWE1S2GUN.pcm /Users/nicola/Library/Developer/Xcode/DerivedData/ModuleCache.noindex/SwiftUICore-DGL2XT5W9ND9R4RID22II6RNO.pcm /Users/nicola/Library/Developer/Xcode/DerivedData/ModuleCache.noindex/CoreMIDI-34FCO9Y4ZAB5Z6NJFGZ8LPBAQ.pcm /Users/nicola/Library/Developer/Xcode/DerivedData/ModuleCache.noindex/ptrcheck-2LRLPK72IVHDG6C1H2Q5JTQ8O.pcm /Users/nicola/Library/Developer/Xcode/DerivedData/ModuleCache.noindex/_Builtin_stddef-DOUSSM8DYLAR4YKDC2GRR1HA5.pcm /Users/nicola/Library/Developer/Xcode/DerivedData/ModuleCache.noindex/SwiftUI-7H8AG4ZL0F8E4YQ9NUCVM176Y.pcm /Users/nicola/Library/Developer/Xcode/DerivedData/ModuleCache.noindex/AdServices-34A6U0P3IK1ATGEVYNDX4EU1A.pcm /Users/nicola/Library/Developer/Xcode/DerivedData/ModuleCache.noindex/WebKit-AJUNRM4F9J6TZR4ZNOQS8WWVR.pcm /Users/nicola/Library/Developer/Xcode/DerivedData/ModuleCache.noindex/DataDetection-JP3WBVG84LSFPB90E097SGT3.pcm /Users/nicola/Library/Developer/Xcode/DerivedData/ModuleCache.noindex/AVKit-ETOOVPBSXOYWUMLU5XUPASNTU.pcm /Users/nicola/Library/Developer/Xcode/DerivedData/ModuleCache.noindex/sys_types-EUWNWNOCOYX5WSFJBW8ESS629.pcm /Users/nicola/Library/Developer/Xcode/DerivedData/ModuleCache.noindex/CoreServices-347JBIKK6BTB6OROH5HY09FBS.pcm /Users/nicola/Library/Developer/Xcode/DerivedData/ModuleCache.noindex/SwiftShims-5UK1FPFAZXNRHKAYNW0J4TVC3.pcm /Users/nicola/Library/Developer/Xcode/DerivedData/ModuleCache.noindex/_Builtin_float-TJMCVNZ8QW85NVB9UBYGQD0K.pcm /Users/nicola/Library/Developer/Xcode/DerivedData/ModuleCache.noindex/UserNotifications-BWX0RWUK8ADGK4LLM2RS30WQ4.pcm /Users/nicola/Library/Developer/Xcode/DerivedData/ModuleCache.noindex/XPC-NBLD12W5HA9ZYP0TTUSV6A9K.pcm /Users/nicola/Library/Developer/Xcode/DerivedData/ModuleCache.noindex/AppTrackingTransparency-5FNSKGCTWJY3AOZ3TIL07WZN7.pcm /Users/nicola/Library/Developer/Xcode/DerivedData/ModuleCache.noindex/_Builtin_tgmath-OIWSI12KO1BY5KRJ3XKU37J5.pcm /Users/nicola/Library/Developer/Xcode/DerivedData/ModuleCache.noindex/MediaToolbox-ETZWO5220QKX9MW3ON7SYIM9Q.pcm /Users/nicola/Library/Developer/Xcode/DerivedData/ModuleCache.noindex/MobileCoreServices-DN5MA9PMY7DYNJC379JGWHDVR.pcm /Users/nicola/Library/Developer/Xcode/DerivedData/ModuleCache.noindex/IOSurface-CGBO571PRU5B81EAZWJBIB5EH.pcm /Users/nicola/Library/Developer/Xcode/DerivedData/ModuleCache.noindex/CoreVideo-9G6PE1HADPW5UTG4CCJEZZSKP.pcm /Users/nicola/Library/Developer/Xcode/DerivedData/ModuleCache.noindex/_StoreKit_SwiftUI-27ZDC40IRBANDX8ZQTLW0ENAB.pcm /Users/nicola/Library/Developer/Xcode/DerivedData/ModuleCache.noindex/OpenGLES-7S09YT2XX6MSATJJ6A2ZW9QB5.pcm /Users/nicola/Library/Developer/Xcode/DerivedData/ModuleCache.noindex/os_workgroup-3PW4PQNQWWKTHZSP6WSXVKJM4.pcm /Users/nicola/Library/Developer/Xcode/DerivedData/ModuleCache.noindex/CoreAudioTypes-EES0IMUTST5OG4X3J60UK6H6B.pcm /Users/nicola/Library/Developer/Xcode/DerivedData/ModuleCache.noindex/CoreFoundation-6R48Y8QSEV5XQB3PUIG1MJEIQ.pcm /Users/nicola/Library/Developer/Xcode/DerivedData/ModuleCache.noindex/simd-BN8Q5MU8PE0EL1Z439IBGO17C.pcm /Users/nicola/Library/Developer/Xcode/DerivedData/ModuleCache.noindex/_DarwinFoundation3-20F2L66S7VUQNR8BN4OSRFHME.pcm /Users/nicola/Library/Developer/Xcode/DerivedData/VibeWatchApp-fejkxouadzscgxcomkozzhgylxpi/Build/Intermediates.noindex/SwiftExplicitPrecompiledModules/YouTubeiOSPlayerHelper-99290AGEU3FAPPOKSZ1DFBBM2.pcm /Users/nicola/Library/Developer/Xcode/DerivedData/ModuleCache.noindex/OSLog-81SQ6C78LXKJAX7H987R9GHZ6.pcm /Users/nicola/Library/Developer/Xcode/DerivedData/ModuleCache.noindex/ImageIO-BCNY0NC0J8ZYJ60VS95D6EZIM.pcm /Users/nicola/Library/Developer/Xcode/DerivedData/ModuleCache.noindex/os-3KTF7BUZQE9PQ9MP0RKZVNNRG.pcm /Users/nicola/Library/Developer/Xcode/DerivedData/ModuleCache.noindex/ObjectiveC-2XDI4RU2062KJWUFU64IEWMFU.pcm /Users/nicola/Library/Developer/Xcode/DerivedData/ModuleCache.noindex/CoreLocation-7181ZG2NLSL78SO8YWLFNEQXE.pcm /Users/nicola/Library/Developer/Xcode/DerivedData/ModuleCache.noindex/Security-90MM6096QF7JDRI678LPPT1J4.pcm /Users/nicola/Library/Developer/Xcode/DerivedData/ModuleCache.noindex/_LocationEssentials-2HCVXO6DM531QIMLXXKKHLS2O.pcm /Users/nicola/Library/Developer/Xcode/DerivedData/VibeWatchApp-fejkxouadzscgxcomkozzhgylxpi/Build/Intermediates.noindex/SwiftExplicitPrecompiledModules/FirebaseCore-5MVCG8DUH7ZPQZX49BAOXPNHV.pcm /Users/nicola/Library/Developer/Xcode/DerivedData/ModuleCache.noindex/AVFAudio-5Y1VB2U3NWGG851XSNONODIJM.pcm /Users/nicola/Library/Developer/Xcode/DerivedData/ModuleCache.noindex/PhotosUI-6HQCVOXVTO5AMJ0P1QB1Y4M1M.pcm /Users/nicola/Library/Developer/Xcode/DerivedData/ModuleCache.noindex/CoreMedia-B69XR0KQPYZQHHWNZFSFRHA38.pcm /Users/nicola/Library/Developer/Xcode/DerivedData/ModuleCache.noindex/CoreData-6TXPMJ3U0QA4OV3H4XT83655R.pcm /Users/nicola/Library/Developer/Xcode/DerivedData/ModuleCache.noindex/UIUtilities-4OR9LZ1PFGIQL422FPHUQLVRR.pcm /Users/nicola/Library/Developer/Xcode/DerivedData/ModuleCache.noindex/CoreAudio-F1MVLAH0SDT32KAN1EQY8GAKW.pcm /Users/nicola/Library/Developer/Xcode/DerivedData/ModuleCache.noindex/CoreImage-AWK1SZO6THGTXBTGZYYD0WIZS.pcm /Users/nicola/Library/Developer/Xcode/DerivedData/ModuleCache.noindex/Symbols-8TLIU92PM230T0N9N2PQV95WH.pcm /Users/nicola/Library/Developer/Xcode/DerivedData/ModuleCache.noindex/Spatial-41ENPO4PKS0FMEIJNBSJ9QMOL.pcm /Users/nicola/Library/Developer/Xcode/DerivedData/ModuleCache.noindex/MachO-9A1WS2CFPU1UCTMTK3NYU1ZGC.pcm /Users/nicola/Library/Developer/Xcode/DerivedData/VibeWatchApp-fejkxouadzscgxcomkozzhgylxpi/Build/Intermediates.noindex/SwiftExplicitPrecompiledModules/GoogleMobileAds-42GC5Y99RYP6PFXWG99TF933V.pcm /Users/nicola/Library/Developer/Xcode/DerivedData/ModuleCache.noindex/AudioToolbox-5VQH9HDLZI18ENY6L4C7CJKK2.pcm /Users/nicola/Library/Developer/Xcode/DerivedData/ModuleCache.noindex/_AvailabilityInternal-8EOVN9SNBF36ZGEFEPK2CRUDW.pcm /Users/nicola/Library/Developer/Xcode/DerivedData/ModuleCache.noindex/_Builtin_limits-ANV3S3W8VLWUIQOAAX3GTM4LM.pcm /Users/nicola/Library/Developer/Xcode/DerivedData/ModuleCache.noindex/StoreKit-7NTKYI05Z0LP4AS4KTM8V3YSC.pcm /Users/nicola/Library/Developer/Xcode/DerivedData/ModuleCache.noindex/CommonCrypto-AFXFR0KQHAJJM1U0EJ21KQFOR.pcm /Users/nicola/Library/Developer/Xcode/DerivedData/ModuleCache.noindex/_Builtin_inttypes-C25O3QIAP3NJ657XVTI3VG3PH.pcm /Users/nicola/Library/Developer/Xcode/DerivedData/VibeWatchApp-fejkxouadzscgxcomkozzhgylxpi/Build/Intermediates.noindex/SwiftExplicitPrecompiledModules/FirebaseMessaging-EI0ZIPFS9AAFQTO74ONBKM9ZB.pcm /Users/nicola/Library/Developer/Xcode/DerivedData/ModuleCache.noindex/_DarwinFoundation1-E7RUGD499G4OHJKFAVNGDL630.pcm /Users/nicola/Library/Developer/Xcode/DerivedData/ModuleCache.noindex/Photos-AS6S3DRYAHVE512XV1JD05M6F.pcm /Users/nicola/Library/Developer/Xcode/DerivedData/ModuleCache.noindex/BackgroundTasks-8E1I38KSLDB6L0KZ6SWM7ASL2.pcm /Users/nicola/Library/Developer/Xcode/DerivedData/ModuleCache.noindex/AuthenticationServices-EXP8HB3ETPLM11F6SPNTZ7OM1.pcm /Users/nicola/Library/Developer/Xcode/DerivedData/ModuleCache.noindex/CFNetwork-B3T2ISHY9S6IPIUKKQJ9428NP.pcm /Users/nicola/Library/Developer/Xcode/DerivedData/ModuleCache.noindex/Network-4TJR2ZOUT7XU23WBC1LD1HY8G.pcm /Users/nicola/Library/Developer/Xcode/DerivedData/ModuleCache.noindex/UniformTypeIdentifiers-ATV1ZM2CF79HJEWW69GC46X1N.pcm /Users/nicola/Library/Developer/Xcode/DerivedData/ModuleCache.noindex/_Builtin_stdatomic-2TC79JN0S1IK40KEVF0K3HQT9.pcm /Users/nicola/Library/Developer/Xcode/DerivedData/ModuleCache.noindex/Accessibility-UOWUOL5OBCMNZ7ESBDDFKE3R.pcm /Users/nicola/Library/Developer/Xcode/DerivedData/ModuleCache.noindex/NaturalLanguage-9W127RKWL6UMBG74M42M5C3BL.pcm /Users/nicola/Library/Developer/Xcode/DerivedData/ModuleCache.noindex/Dispatch-BYHOTCH7J7C35YOMQM84ZXAA6.pcm /Users/nicola/Library/Developer/Xcode/DerivedData/ModuleCache.noindex/QuartzCore-5AFM151XS9FUKLPF853G7C1X3.pcm /Users/nicola/Library/Developer/Xcode/DerivedData/ModuleCache.noindex/dnssd-39HJ7U1L1PCF03CSF0RBOZE87.pcm /Users/nicola/Library/Developer/Xcode/DerivedData/ModuleCache.noindex/BackgroundAssets-1IB7D5E7IQYZ2KGAWDRUXUGCK.pcm /Users/nicola/Library/Developer/Xcode/DerivedData/ModuleCache.noindex/ExtensionFoundation-F39IJ15S7UDAJITN5X7YVKIRZ.pcm /Users/nicola/Library/Developer/Xcode/DerivedData/ModuleCache.noindex/AVFoundation-2INX6KG5G50UCOEDYIRYWBERN.pcm /Users/nicola/Library/Developer/Xcode/DerivedData/ModuleCache.noindex/os_object-Z1TU5YQMOGKYJAHSWX1H3HIJ.pcm /Users/nicola/Library/Developer/Xcode/DerivedData/ModuleCache.noindex/ptrauth-39XJQYTFZ25W75KUWCO0MY3ZO.pcm /Users/nicola/Library/Developer/Xcode/DerivedData/ModuleCache.noindex/UIKit-5V64WC2FDDMS184DWIQK357KF.pcm /Users/nicola/Library/Developer/Xcode/DerivedData/ModuleCache.noindex/_SwiftConcurrencyShims-D90XUMM9T39ZAXCWQFDA4USFP.pcm /Users/nicola/Library/Developer/Xcode/DerivedData/ModuleCache.noindex/FileProvider-BMVI0VOLGIIXSEONKDKUOEI2W.pcm /Users/nicola/Library/Developer/Xcode/DerivedData/ModuleCache.noindex/CoreGraphics-4EXQ7G58DUWEND1XZHG4RF89F.pcm /Users/nicola/Library/Developer/Xcode/DerivedData/ModuleCache.noindex/_DarwinFoundation2-2VMUKJMIDXNSONGQWTWCHHZZD.pcm /Users/nicola/Library/Developer/Xcode/DerivedData/ModuleCache.noindex/CoreText-DJ1VNM2M7EV4UUQWLZV34TXXX.pcm /Users/nicola/Library/Developer/Xcode/DerivedData/ModuleCache.noindex/Darwin-Q17ROL4OAMJSVIME9NXKL6IZ.pcm /Users/nicola/Library/Developer/Xcode/DerivedData/ModuleCache.noindex/CoreTransferable-6XF3C907EUCFN91Q8HP0WDCNH.pcm /Users/nicola/Library/Developer/Xcode/DerivedData/ModuleCache.noindex/SQLite3-4O8AHSNVCGIC9DA6EFUS6RANY.pcm /Users/nicola/Library/Developer/Xcode/DerivedData/ModuleCache.noindex/LocalAuthentication-7IMGT0ROHFO26UCREYBYQ0A32.pcm /Users/nicola/Library/Developer/Xcode/DerivedData/VibeWatchApp-fejkxouadzscgxcomkozzhgylxpi/Build/Intermediates.noindex/VibeWatchApp.build/Release-iphonesimulator/VibeWatchApp.build/Objects-normal/arm64/VibeWatchApp-dependencies-1.json (in target 'VibeWatchApp' from project 'VibeWatchApp')

CompileSwift normal arm64 (in target 'VibeWatchApp' from project 'VibeWatchApp')
    cd /Users/nicola/Documents/StartingVibeApps/VibeWatch/.worktrees/data-layer-notifications-refactor/VibeWatch
    
/Users/nicola/Documents/StartingVibeApps/VibeWatch/.worktrees/data-layer-notifications-refactor/VibeWatch/VibeWatchApp/Core/Database/SQLiteMigrations.swift:58:11: warning: 'catch' block is unreachable because no errors are thrown in 'do' block
        } catch {
          ^
/Users/nicola/Documents/StartingVibeApps/VibeWatch/.worktrees/data-layer-notifications-refactor/VibeWatch/VibeWatchApp/Core/Services/AIQueryClassifier.swift:429:13: warning: variable 'remaining' was never mutated; consider changing to 'let' constant
        var remaining = query
        ~~~ ^
        let
/Users/nicola/Documents/StartingVibeApps/VibeWatch/.worktrees/data-layer-notifications-refactor/VibeWatch/VibeWatchApp/Core/Services/AnalyticsInsightsService.swift:61:11: warning: 'catch' block is unreachable because no errors are thrown in 'do' block
        } catch {
          ^
/Users/nicola/Documents/StartingVibeApps/VibeWatch/.worktrees/data-layer-notifications-refactor/VibeWatch/VibeWatchApp/Core/Services/CerebrasBackendJobManager.swift:308:19: warning: value 'userId' was defined but never used; consider replacing with boolean test
        guard let userId = AuthService.shared.currentUser?.id else { return }
              ~~~~^~~~~~~~~
              (                                              ) != nil
/Users/nicola/Documents/StartingVibeApps/VibeWatch/.worktrees/data-layer-notifications-refactor/VibeWatch/VibeWatchApp/Core/Services/DailyQuotaManager.swift:185:18: warning: call to main actor-isolated instance method 'refreshForNewDayIfNeeded()' in a synchronous nonisolated context
            self.refreshForNewDayIfNeeded()
                 ^
/Users/nicola/Documents/StartingVibeApps/VibeWatch/.worktrees/data-layer-notifications-refactor/VibeWatch/VibeWatchApp/Core/Services/DailyQuotaManager.swift:158:10: note: calls to instance method 'refreshForNewDayIfNeeded()' from outside of its actor context are implicitly asynchronous
    func refreshForNewDayIfNeeded() {
         ^
/Users/nicola/Documents/StartingVibeApps/VibeWatch/.worktrees/data-layer-notifications-refactor/VibeWatch/VibeWatchApp/Core/Services/GamificationService.swift:429:13: warning: initialization of immutable value 'localStreak' was never used; consider replacing with assignment to '_' or removing it
        let localStreak = userState.currentStreak
        ~~~~^~~~~~~~~~~
        _
/Users/nicola/Documents/StartingVibeApps/VibeWatch/.worktrees/data-layer-notifications-refactor/VibeWatch/VibeWatchApp/Core/Services/ListManager.swift:400:18: warning: result of call to 'performBatchInsert(table:records:)' is unused
        await db.performBatchInsert(table: "list_items", records: records)
                 ^                 ~~~~~~~~~~~~~~~~~~~~~~~~~~~~~~~~~~~~~~~
/Users/nicola/Documents/StartingVibeApps/VibeWatch/.worktrees/data-layer-notifications-refactor/VibeWatch/VibeWatchApp/Core/Services/LocalizationManager.swift:93:5: warning: 'nonisolated(unsafe)' has no effect on instance method 'localized', consider using 'nonisolated'
    nonisolated(unsafe) func localized(_ key: String) -> String {
    ^~~~~~~~~~~
    nonisolated
/Users/nicola/Documents/StartingVibeApps/VibeWatch/.worktrees/data-layer-notifications-refactor/VibeWatch/VibeWatchApp/Core/Services/NotificationBackgroundTask.swift:85:36: warning: no 'async' operations occur within 'await' expression
                guard let userId = await authService.currentUser?.id else {
                                   ^
/Users/nicola/Documents/StartingVibeApps/VibeWatch/.worktrees/data-layer-notifications-refactor/VibeWatch/VibeWatchApp/Core/Services/NotificationBackgroundTask.swift:96:23: warning: no 'async' operations occur within 'await' expression
                guard await notificationService.notificationPermissionGranted else {
                      ^
/Users/nicola/Documents/StartingVibeApps/VibeWatch/.worktrees/data-layer-notifications-refactor/VibeWatch/VibeWatchApp/Core/Services/NotificationBackgroundTask.swift:111:15: warning: 'catch' block is unreachable because no errors are thrown in 'do' block
            } catch {
              ^
/Users/nicola/Documents/StartingVibeApps/VibeWatch/.worktrees/data-layer-notifications-refactor/VibeWatch/VibeWatchApp/Core/Services/NotificationBackgroundTask.swift:122:28: warning: no 'async' operations occur within 'await' expression
        guard let userId = await authService.currentUser?.id else {
                           ^
/Users/nicola/Documents/StartingVibeApps/VibeWatch/.worktrees/data-layer-notifications-refactor/VibeWatch/VibeWatchApp/Core/Services/NotificationBackgroundTask.swift:131:15: warning: no 'async' operations occur within 'await' expression
        guard await notificationService.notificationPermissionGranted else {
              ^
/Users/nicola/Documents/StartingVibeApps/VibeWatch/.worktrees/data-layer-notifications-refactor/VibeWatch/VibeWatchApp/Core/Services/UserEngagementTracker.swift:189:22: warning: no 'async' operations occur within 'await' expression
        let userId = await SupabaseService.shared.currentUser?.id ?? "anonymous"
                     ^
/Users/nicola/Documents/StartingVibeApps/VibeWatch/.worktrees/data-layer-notifications-refactor/VibeWatch/VibeWatchApp/Core/Services/UserEngagementTracker.swift:228:22: warning: no 'async' operations occur within 'await' expression
        let userId = await SupabaseService.shared.currentUser?.id ?? "anonymous"
                     ^
/Users/nicola/Documents/StartingVibeApps/VibeWatch/.worktrees/data-layer-notifications-refactor/VibeWatch/VibeWatchApp/Core/Services/UserEngagementTracker.swift:288:26: warning: no 'async' operations occur within 'await' expression
            let userId = await SupabaseService.shared.currentUser?.id ?? "anonymous"
                         ^
/Users/nicola/Documents/StartingVibeApps/VibeWatch/.worktrees/data-layer-notifications-refactor/VibeWatch/VibeWatchApp/Core/Services/UserPreferenceManager.swift:536:19: warning: result of call to 'aggregatePreferences()' is unused
            await aggregatePreferences()
                  ^                   ~~
/Users/nicola/Documents/StartingVibeApps/VibeWatch/.worktrees/data-layer-notifications-refactor/VibeWatch/VibeWatchApp/Features/Clips/ViewModels/ClipsViewModel.swift:191:42: warning: no 'async' operations occur within 'await' expression
                if isLiked, let userId = await AuthService.shared.currentUser?.id {
                                         ^
/Users/nicola/Documents/StartingVibeApps/VibeWatch/.worktrees/data-layer-notifications-refactor/VibeWatch/VibeWatchApp/Features/Clips/ViewModels/ClipsViewModel.swift:208:29: warning: no 'async' operations occur within 'await' expression
            if let userId = await AuthService.shared.currentUser?.id {
                            ^
/Users/nicola/Documents/StartingVibeApps/VibeWatch/.worktrees/data-layer-notifications-refactor/VibeWatch/VibeWatchApp/Features/Clips/Views/ClipsView.swift:853:37: warning: no 'async' operations occur within 'await' expression
                    if let userId = await AuthService.shared.currentUser?.id {
                                    ^
/Users/nicola/Documents/StartingVibeApps/VibeWatch/.worktrees/data-layer-notifications-refactor/VibeWatch/VibeWatchApp/Features/Clips/Views/ProPaywallView.swift:395:9: warning: 'SKPaymentQueue' was deprecated in iOS 18.0: No longer supported.
        SKPaymentQueue.default().presentCodeRedemptionSheet()
        ^
/Users/nicola/Documents/StartingVibeApps/VibeWatch/.worktrees/data-layer-notifications-refactor/VibeWatch/VibeWatchApp/Features/Clips/Views/ProPaywallView.swift:395:34: warning: 'presentCodeRedemptionSheet()' was deprecated in iOS 18.0: Use AppStore.presentOfferCodeRedeemSheet(in:).
        SKPaymentQueue.default().presentCodeRedemptionSheet()
                                 ^
/Users/nicola/Documents/StartingVibeApps/VibeWatch/.worktrees/data-layer-notifications-refactor/VibeWatch/VibeWatchApp/Features/Profile/Views/AnalyticsDashboardView.swift:423:28: warning: no 'async' operations occur within 'await' expression
        guard let userId = await authService.currentUser?.id else { return }
                           ^
/Users/nicola/Documents/StartingVibeApps/VibeWatch/.worktrees/data-layer-notifications-refactor/VibeWatch/VibeWatchApp/Features/Profile/Views/AnalyticsDashboardView.swift:435:32: warning: result of call to 'generateUserStatistics(userId:timeframe:)' is unused
        await analyticsService.generateUserStatistics(userId: userId, timeframe: selectedTimeframe)
                               ^                     ~~~~~~~~~~~~~~~~~~~~~~~~~~~~~~~~~~~~~~~~~~~~~~
/Users/nicola/Documents/StartingVibeApps/VibeWatch/.worktrees/data-layer-notifications-refactor/VibeWatch/VibeWatchApp/Features/Profile/Views/AnalyticsDashboardView.swift:434:28: warning: no 'async' operations occur within 'await' expression
        guard let userId = await authService.currentUser?.id else { return }
                           ^
/Users/nicola/Documents/StartingVibeApps/VibeWatch/.worktrees/data-layer-notifications-refactor/VibeWatch/VibeWatchApp/Features/Profile/Views/SettingsView.swift:566:9: warning: 'SKPaymentQueue' was deprecated in iOS 18.0: No longer supported.
        SKPaymentQueue.default().presentCodeRedemptionSheet()
        ^
/Users/nicola/Documents/StartingVibeApps/VibeWatch/.worktrees/data-layer-notifications-refactor/VibeWatch/VibeWatchApp/Features/Profile/Views/SettingsView.swift:566:34: warning: 'presentCodeRedemptionSheet()' was deprecated in iOS 18.0: Use AppStore.presentOfferCodeRedeemSheet(in:).
        SKPaymentQueue.default().presentCodeRedemptionSheet()
                                 ^
/Users/nicola/Documents/StartingVibeApps/VibeWatch/.worktrees/data-layer-notifications-refactor/VibeWatch/VibeWatchApp/Infrastructure/Sync/SyncEngine.swift:399:11: warning: 'catch' block is unreachable because no errors are thrown in 'do' block
        } catch {
          ^

SwiftDriver\ Compilation VibeWatchApp normal arm64 com.apple.xcode.tools.swift.compiler (in target 'VibeWatchApp' from project 'VibeWatchApp')
    cd /Users/nicola/Documents/StartingVibeApps/VibeWatch/.worktrees/data-layer-notifications-refactor/VibeWatch
    builtin-Swift-Compilation -- /Applications/Xcode.app/Contents/Developer/Toolchains/XcodeDefault.xctoolchain/usr/bin/swiftc -module-name VibeWatchApp -O -whole-module-optimization -enforce-exclusivity\=checked @/Users/nicola/Library/Developer/Xcode/DerivedData/VibeWatchApp-fejkxouadzscgxcomkozzhgylxpi/Build/Intermediates.noindex/VibeWatchApp.build/Release-iphonesimulator/VibeWatchApp.build/Objects-normal/arm64/VibeWatchApp.SwiftFileList -Xcc -fmodule-map-file\=/Users/nicola/Library/Developer/Xcode/DerivedData/VibeWatchApp-fejkxouadzscgxcomkozzhgylxpi/Build/Intermediates.noindex/GeneratedModuleMaps-iphonesimulator/GoogleUtilities-UserDefaults.modulemap -Xcc -fmodule-map-file\=/Users/nicola/Library/Developer/Xcode/DerivedData/VibeWatchApp-fejkxouadzscgxcomkozzhgylxpi/Build/Intermediates.noindex/GeneratedModuleMaps-iphonesimulator/GoogleUtilities-Network.modulemap -Xcc -fmodule-map-file\=/Users/nicola/Library/Developer/Xcode/DerivedData/VibeWatchApp-fejkxouadzscgxcomkozzhgylxpi/Build/Intermediates.noindex/GeneratedModuleMaps-iphonesimulator/GoogleUtilities-AppDelegateSwizzler.modulemap -Xcc -fmodule-map-file\=/Users/nicola/Library/Developer/Xcode/DerivedData/VibeWatchApp-fejkxouadzscgxcomkozzhgylxpi/Build/Intermediates.noindex/GeneratedModuleMaps-iphonesimulator/GoogleUtilities-Reachability.modulemap -Xcc -fmodule-map-file\=/Users/nicola/Library/Developer/Xcode/DerivedData/VibeWatchApp-fejkxouadzscgxcomkozzhgylxpi/Build/Intermediates.noindex/GeneratedModuleMaps-iphonesimulator/GoogleDataTransport.modulemap -Xcc -fmodule-map-file\=/Users/nicola/Library/Developer/Xcode/DerivedData/VibeWatchApp-fejkxouadzscgxcomkozzhgylxpi/Build/Intermediates.noindex/GeneratedModuleMaps-iphonesimulator/nanopb.modulemap -Xcc -fmodule-map-file\=/Users/nicola/Library/Developer/Xcode/DerivedData/VibeWatchApp-fejkxouadzscgxcomkozzhgylxpi/Build/Intermediates.noindex/GeneratedModuleMaps-iphonesimulator/FirebaseInstallations.modulemap -Xcc -fmodule-map-file\=/Users/nicola/Library/Developer/Xcode/DerivedData/VibeWatchApp-fejkxouadzscgxcomkozzhgylxpi/Build/Intermediates.noindex/GeneratedModuleMaps-iphonesimulator/FirebaseMessaging.modulemap -Xcc -fmodule-map-file\=/Users/nicola/Library/Developer/Xcode/DerivedData/VibeWatchApp-fejkxouadzscgxcomkozzhgylxpi/Build/Intermediates.noindex/GeneratedModuleMaps-iphonesimulator/UserMessagingPlatformTarget.modulemap -Xcc -fmodule-map-file\=/Users/nicola/Library/Developer/Xcode/DerivedData/VibeWatchApp-fejkxouadzscgxcomkozzhgylxpi/Build/Intermediates.noindex/GeneratedModuleMaps-iphonesimulator/GoogleUtilities-NSData.modulemap -Xcc -fmodule-map-file\=/Users/nicola/Library/Developer/Xcode/DerivedData/VibeWatchApp-fejkxouadzscgxcomkozzhgylxpi/Build/Intermediates.noindex/GeneratedModuleMaps-iphonesimulator/GoogleUtilities-Environment.modulemap -Xcc -fmodule-map-file\=/Users/nicola/Library/Developer/Xcode/DerivedData/VibeWatchApp-fejkxouadzscgxcomkozzhgylxpi/Build/Intermediates.noindex/GeneratedModuleMaps-iphonesimulator/third-party-IsAppEncrypted.modulemap -Xcc -fmodule-map-file\=/Users/nicola/Library/Developer/Xcode/DerivedData/VibeWatchApp-fejkxouadzscgxcomkozzhgylxpi/Build/Intermediates.noindex/GeneratedModuleMaps-iphonesimulator/GoogleUtilities-Logger.modulemap -Xcc -fmodule-map-file\=/Users/nicola/Library/Developer/Xcode/DerivedData/VibeWatchApp-fejkxouadzscgxcomkozzhgylxpi/Build/Intermediates.noindex/GeneratedModuleMaps-iphonesimulator/FirebaseCore.modulemap -Xcc -fmodule-map-file\=/Users/nicola/Library/Developer/Xcode/DerivedData/VibeWatchApp-fejkxouadzscgxcomkozzhgylxpi/Build/Intermediates.noindex/GeneratedModuleMaps-iphonesimulator/YouTubeiOSPlayerHelper.modulemap -enable-experimental-feature DebugDescriptionMacro -sdk /Applications/Xcode.app/Contents/Developer/Platforms/iPhoneSimulator.platform/Developer/SDKs/iPhoneSimulator26.2.sdk -target arm64-apple-ios18.5-simulator -g -module-cache-path /Users/nicola/Library/Developer/Xcode/DerivedData/ModuleCache.noindex -Xfrontend -serialize-debugging-options -profile-coverage-mapping -profile-generate -swift-version 6 -I /Users/nicola/Library/Developer/Xcode/DerivedData/VibeWatchApp-fejkxouadzscgxcomkozzhgylxpi/Build/Products/Release-iphonesimulator -F /Users/nicola/Library/Developer/Xcode/DerivedData/VibeWatchApp-fejkxouadzscgxcomkozzhgylxpi/Build/Products/Release-iphonesimulator/PackageFrameworks -F /Users/nicola/Library/Developer/Xcode/DerivedData/VibeWatchApp-fejkxouadzscgxcomkozzhgylxpi/Build/Products/Release-iphonesimulator/PackageFrameworks -F /Users/nicola/Library/Developer/Xcode/DerivedData/VibeWatchApp-fejkxouadzscgxcomkozzhgylxpi/Build/Products/Release-iphonesimulator/PackageFrameworks -F /Users/nicola/Library/Developer/Xcode/DerivedData/VibeWatchApp-fejkxouadzscgxcomkozzhgylxpi/Build/Products/Release-iphonesimulator/PackageFrameworks -F /Users/nicola/Library/Developer/Xcode/DerivedData/VibeWatchApp-fejkxouadzscgxcomkozzhgylxpi/Build/Products/Release-iphonesimulator/PackageFrameworks -F /Users/nicola/Library/Developer/Xcode/DerivedData/VibeWatchApp-fejkxouadzscgxcomkozzhgylxpi/Build/Products/Release-iphonesimulator/PackageFrameworks -F /Users/nicola/Library/Developer/Xcode/DerivedData/VibeWatchApp-fejkxouadzscgxcomkozzhgylxpi/Build/Products/Release-iphonesimulator/PackageFrameworks -F /Users/nicola/Library/Developer/Xcode/DerivedData/VibeWatchApp-fejkxouadzscgxcomkozzhgylxpi/Build/Products/Release-iphonesimulator/PackageFrameworks -F /Users/nicola/Library/Developer/Xcode/DerivedData/VibeWatchApp-fejkxouadzscgxcomkozzhgylxpi/Build/Products/Release-iphonesimulator/PackageFrameworks -F /Users/nicola/Library/Developer/Xcode/DerivedData/VibeWatchApp-fejkxouadzscgxcomkozzhgylxpi/Build/Products/Release-iphonesimulator/PackageFrameworks -F /Users/nicola/Library/Developer/Xcode/DerivedData/VibeWatchApp-fejkxouadzscgxcomkozzhgylxpi/Build/Products/Release-iphonesimulator/PackageFrameworks -F /Users/nicola/Library/Developer/Xcode/DerivedData/VibeWatchApp-fejkxouadzscgxcomkozzhgylxpi/Build/Products/Release-iphonesimulator/PackageFrameworks -F /Users/nicola/Library/Developer/Xcode/DerivedData/VibeWatchApp-fejkxouadzscgxcomkozzhgylxpi/Build/Products/Release-iphonesimulator/PackageFrameworks -F /Users/nicola/Library/Developer/Xcode/DerivedData/VibeWatchApp-fejkxouadzscgxcomkozzhgylxpi/Build/Products/Release-iphonesimulator/PackageFrameworks -F /Users/nicola/Library/Developer/Xcode/DerivedData/VibeWatchApp-fejkxouadzscgxcomkozzhgylxpi/Build/Products/Release-iphonesimulator/PackageFrameworks -F /Users/nicola/Library/Developer/Xcode/DerivedData/VibeWatchApp-fejkxouadzscgxcomkozzhgylxpi/Build/Products/Release-iphonesimulator/PackageFrameworks -F /Users/nicola/Library/Developer/Xcode/DerivedData/VibeWatchApp-fejkxouadzscgxcomkozzhgylxpi/Build/Products/Release-iphonesimulator/PackageFrameworks -F /Users/nicola/Library/Developer/Xcode/DerivedData/VibeWatchApp-fejkxouadzscgxcomkozzhgylxpi/Build/Products/Release-iphonesimulator/PackageFrameworks -F /Users/nicola/Library/Developer/Xcode/DerivedData/VibeWatchApp-fejkxouadzscgxcomkozzhgylxpi/Build/Products/Release-iphonesimulator/PackageFrameworks -F /Users/nicola/Library/Developer/Xcode/DerivedData/VibeWatchApp-fejkxouadzscgxcomkozzhgylxpi/Build/Products/Release-iphonesimulator/PackageFrameworks -F /Users/nicola/Library/Developer/Xcode/DerivedData/VibeWatchApp-fejkxouadzscgxcomkozzhgylxpi/Build/Products/Release-iphonesimulator/PackageFrameworks -F /Users/nicola/Library/Developer/Xcode/DerivedData/VibeWatchApp-fejkxouadzscgxcomkozzhgylxpi/Build/Products/Release-iphonesimulator/PackageFrameworks -F /Users/nicola/Library/Developer/Xcode/DerivedData/VibeWatchApp-fejkxouadzscgxcomkozzhgylxpi/Build/Products/Release-iphonesimulator/PackageFrameworks -F /Users/nicola/Library/Developer/Xcode/DerivedData/VibeWatchApp-fejkxouadzscgxcomkozzhgylxpi/Build/Products/Release-iphonesimulator/PackageFrameworks -F /Users/nicola/Library/Developer/Xcode/DerivedData/VibeWatchApp-fejkxouadzscgxcomkozzhgylxpi/Build/Products/Release-iphonesimulator/PackageFrameworks -F /Users/nicola/Library/Developer/Xcode/DerivedData/VibeWatchApp-fejkxouadzscgxcomkozzhgylxpi/Build/Products/Release-iphonesimulator/PackageFrameworks -F /Users/nicola/Library/Developer/Xcode/DerivedData/VibeWatchApp-fejkxouadzscgxcomkozzhgylxpi/Build/Products/Release-iphonesimulator/PackageFrameworks -F /Users/nicola/Library/Developer/Xcode/DerivedData/VibeWatchApp-fejkxouadzscgxcomkozzhgylxpi/Build/Products/Release-iphonesimulator/PackageFrameworks -F /Users/nicola/Library/Developer/Xcode/DerivedData/VibeWatchApp-fejkxouadzscgxcomkozzhgylxpi/Build/Products/Release-iphonesimulator/PackageFrameworks -F /Users/nicola/Library/Developer/Xcode/DerivedData/VibeWatchApp-fejkxouadzscgxcomkozzhgylxpi/Build/Products/Release-iphonesimulator/PackageFrameworks -F /Users/nicola/Library/Developer/Xcode/DerivedData/VibeWatchApp-fejkxouadzscgxcomkozzhgylxpi/Build/Products/Release-iphonesimulator/PackageFrameworks -F /Users/nicola/Library/Developer/Xcode/DerivedData/VibeWatchApp-fejkxouadzscgxcomkozzhgylxpi/Build/Products/Release-iphonesimulator/PackageFrameworks -F /Users/nicola/Library/Developer/Xcode/DerivedData/VibeWatchApp-fejkxouadzscgxcomkozzhgylxpi/Build/Products/Release-iphonesimulator/PackageFrameworks -F /Users/nicola/Library/Developer/Xcode/DerivedData/VibeWatchApp-fejkxouadzscgxcomkozzhgylxpi/Build/Products/Release-iphonesimulator/PackageFrameworks -F /Users/nicola/Library/Developer/Xcode/DerivedData/VibeWatchApp-fejkxouadzscgxcomkozzhgylxpi/Build/Products/Release-iphonesimulator/PackageFrameworks -F /Users/nicola/Library/Developer/Xcode/DerivedData/VibeWatchApp-fejkxouadzscgxcomkozzhgylxpi/Build/Products/Release-iphonesimulator -emit-localized-strings -emit-localized-strings-path /Users/nicola/Library/Developer/Xcode/DerivedData/VibeWatchApp-fejkxouadzscgxcomkozzhgylxpi/Build/Intermediates.noindex/VibeWatchApp.build/Release-iphonesimulator/VibeWatchApp.build/Objects-normal/arm64 -c -num-threads 12 -Xcc -ivfsstatcache -Xcc /Users/nicola/Library/Developer/Xcode/DerivedData/SDKStatCaches.noindex/iphonesimulator26.2-23C53-7d00a8b37fbd7999ea79df8ebc024bf0.sdkstatcache -output-file-map /Users/nicola/Library/Developer/Xcode/DerivedData/VibeWatchApp-fejkxouadzscgxcomkozzhgylxpi/Build/Intermediates.noindex/VibeWatchApp.build/Release-iphonesimulator/VibeWatchApp.build/Objects-normal/arm64/VibeWatchApp-OutputFileMap.json -use-frontend-parseable-output -save-temps -no-color-diagnostics -explicit-module-build -module-cache-path /Users/nicola/Library/Developer/Xcode/DerivedData/VibeWatchApp-fejkxouadzscgxcomkozzhgylxpi/Build/Intermediates.noindex/SwiftExplicitPrecompiledModules -clang-scanner-module-cache-path /Users/nicola/Library/Developer/Xcode/DerivedData/ModuleCache.noindex -sdk-module-cache-path /Users/nicola/Library/Developer/Xcode/DerivedData/ModuleCache.noindex -serialize-diagnostics -emit-dependencies -emit-module -emit-module-path /Users/nicola/Library/Developer/Xcode/DerivedData/VibeWatchApp-fejkxouadzscgxcomkozzhgylxpi/Build/Intermediates.noindex/VibeWatchApp.build/Release-iphonesimulator/VibeWatchApp.build/Objects-normal/arm64/VibeWatchApp.swiftmodule -validate-clang-modules-once -clang-build-session-file /Users/nicola/Library/Developer/Xcode/DerivedData/ModuleCache.noindex/Session.modulevalidation -Xcc -I/Users/nicola/Library/Developer/Xcode/DerivedData/VibeWatchApp-fejkxouadzscgxcomkozzhgylxpi/Build/Intermediates.noindex/VibeWatchApp.build/Release-iphonesimulator/VibeWatchApp.build/swift-overrides.hmap -emit-const-values -Xfrontend -const-gather-protocols-file -Xfrontend /Users/nicola/Library/Developer/Xcode/DerivedData/VibeWatchApp-fejkxouadzscgxcomkozzhgylxpi/Build/Intermediates.noindex/VibeWatchApp.build/Release-iphonesimulator/VibeWatchApp.build/Objects-normal/arm64/VibeWatchApp_const_extract_protocols.json -Xcc -iquote -Xcc /Users/nicola/Library/Developer/Xcode/DerivedData/VibeWatchApp-fejkxouadzscgxcomkozzhgylxpi/Build/Intermediates.noindex/VibeWatchApp.build/Release-iphonesimulator/VibeWatchApp.build/VibeWatchApp-generated-files.hmap -Xcc -I/Users/nicola/Library/Developer/Xcode/DerivedData/VibeWatchApp-fejkxouadzscgxcomkozzhgylxpi/Build/Intermediates.noindex/VibeWatchApp.build/Release-iphonesimulator/VibeWatchApp.build/VibeWatchApp-own-target-headers.hmap -Xcc -I/Users/nicola/Library/Developer/Xcode/DerivedData/VibeWatchApp-fejkxouadzscgxcomkozzhgylxpi/Build/Intermediates.noindex/VibeWatchApp.build/Release-iphonesimulator/VibeWatchApp.build/VibeWatchApp-all-non-framework-target-headers.hmap -Xcc -ivfsoverlay -Xcc /Users/nicola/Library/Developer/Xcode/DerivedData/VibeWatchApp-fejkxouadzscgxcomkozzhgylxpi/Build/Intermediates.noindex/VibeWatchApp.build/Release-iphonesimulator/VibeWatchApp-2c2f4552a4d9b7154b96d14bfa7e9217-VFS-iphonesimulator/all-product-headers.yaml -Xcc -iquote -Xcc /Users/nicola/Library/Developer/Xcode/DerivedData/VibeWatchApp-fejkxouadzscgxcomkozzhgylxpi/Build/Intermediates.noindex/VibeWatchApp.build/Release-iphonesimulator/VibeWatchApp.build/VibeWatchApp-project-headers.hmap -Xcc -I/Users/nicola/Library/Developer/Xcode/DerivedData/VibeWatchApp-fejkxouadzscgxcomkozzhgylxpi/SourcePackages/checkouts/promises/Sources/FBLPromises/include -Xcc -I/Users/nicola/Library/Developer/Xcode/DerivedData/VibeWatchApp-fejkxouadzscgxcomkozzhgylxpi/SourcePackages/checkouts/GoogleUtilities/GoogleUtilities/UserDefaults/Public -Xcc -I/Users/nicola/Library/Developer/Xcode/DerivedData/VibeWatchApp-fejkxouadzscgxcomkozzhgylxpi/SourcePackages/checkouts/GoogleUtilities/GoogleUtilities/Network/Public -Xcc -I/Users/nicola/Library/Developer/Xcode/DerivedData/VibeWatchApp-fejkxouadzscgxcomkozzhgylxpi/SourcePackages/checkouts/GoogleUtilities/GoogleUtilities/AppDelegateSwizzler/Public -Xcc -I/Users/nicola/Library/Developer/Xcode/DerivedData/VibeWatchApp-fejkxouadzscgxcomkozzhgylxpi/SourcePackages/checkouts/GoogleUtilities/GoogleUtilities/Reachability/Public -Xcc -I/Users/nicola/Library/Developer/Xcode/DerivedData/VibeWatchApp-fejkxouadzscgxcomkozzhgylxpi/SourcePackages/checkouts/GoogleDataTransport/GoogleDataTransport/GDTCORLibrary/Public -Xcc -I/Users/nicola/Library/Developer/Xcode/DerivedData/VibeWatchApp-fejkxouadzscgxcomkozzhgylxpi/SourcePackages/checkouts/nanopb/spm_headers -Xcc -I/Users/nicola/Library/Developer/Xcode/DerivedData/VibeWatchApp-fejkxouadzscgxcomkozzhgylxpi/SourcePackages/checkouts/firebase-ios-sdk/FirebaseInstallations/Source/Library/Public -Xcc -I/Users/nicola/Library/Developer/Xcode/DerivedData/VibeWatchApp-fejkxouadzscgxcomkozzhgylxpi/SourcePackages/checkouts/firebase-ios-sdk/FirebaseMessaging/Sources/Public -Xcc -I/Users/nicola/Library/Developer/Xcode/DerivedData/VibeWatchApp-fejkxouadzscgxcomkozzhgylxpi/SourcePackages/checkouts/swift-package-manager-google-user-messaging-platform/UserMessagingPlatformTarget/include -Xcc -I/Users/nicola/Library/Developer/Xcode/DerivedData/VibeWatchApp-fejkxouadzscgxcomkozzhgylxpi/SourcePackages/checkouts/GoogleUtilities/GoogleUtilities/NSData+zlib/Public -Xcc -I/Users/nicola/Library/Developer/Xcode/DerivedData/VibeWatchApp-fejkxouadzscgxcomkozzhgylxpi/SourcePackages/checkouts/GoogleUtilities/GoogleUtilities/Environment/Public -Xcc -I/Users/nicola/Library/Developer/Xcode/DerivedData/VibeWatchApp-fejkxouadzscgxcomkozzhgylxpi/SourcePackages/checkouts/GoogleUtilities/third_party/IsAppEncrypted/Public -Xcc -I/Users/nicola/Library/Developer/Xcode/DerivedData/VibeWatchApp-fejkxouadzscgxcomkozzhgylxpi/SourcePackages/checkouts/GoogleUtilities/GoogleUtilities/Logger/Public -Xcc -I/Users/nicola/Library/Developer/Xcode/DerivedData/VibeWatchApp-fejkxouadzscgxcomkozzhgylxpi/SourcePackages/checkouts/firebase-ios-sdk/CoreOnly/Sources -Xcc -I/Users/nicola/Library/Developer/Xcode/DerivedData/VibeWatchApp-fejkxouadzscgxcomkozzhgylxpi/SourcePackages/checkouts/firebase-ios-sdk/FirebaseCore/Sources/Public -Xcc -I/Users/nicola/Library/Developer/Xcode/DerivedData/VibeWatchApp-fejkxouadzscgxcomkozzhgylxpi/SourcePackages/checkouts/youtube-ios-player-helper/Sources -Xcc -I/Users/nicola/Library/Developer/Xcode/DerivedData/VibeWatchApp-fejkxouadzscgxcomkozzhgylxpi/Build/Products/Release-iphonesimulator/include -Xcc -I/Users/nicola/Library/Developer/Xcode/DerivedData/VibeWatchApp-fejkxouadzscgxcomkozzhgylxpi/Build/Intermediates.noindex/VibeWatchApp.build/Release-iphonesimulator/VibeWatchApp.build/DerivedSources-normal/arm64 -Xcc -I/Users/nicola/Library/Developer/Xcode/DerivedData/VibeWatchApp-fejkxouadzscgxcomkozzhgylxpi/Build/Intermediates.noindex/VibeWatchApp.build/Release-iphonesimulator/VibeWatchApp.build/DerivedSources/arm64 -Xcc -I/Users/nicola/Library/Developer/Xcode/DerivedData/VibeWatchApp-fejkxouadzscgxcomkozzhgylxpi/Build/Intermediates.noindex/VibeWatchApp.build/Release-iphonesimulator/VibeWatchApp.build/DerivedSources -emit-objc-header -emit-objc-header-path /Users/nicola/Library/Developer/Xcode/DerivedData/VibeWatchApp-fejkxouadzscgxcomkozzhgylxpi/Build/Intermediates.noindex/VibeWatchApp.build/Release-iphonesimulator/VibeWatchApp.build/Objects-normal/arm64/VibeWatchApp-Swift.h -working-directory /Users/nicola/Documents/StartingVibeApps/VibeWatch/.worktrees/data-layer-notifications-refactor/VibeWatch -no-emit-module-separately-wmo

SwiftDriverJobDiscovery normal arm64 Compiling DependencyContainer.swift, RepositoryEnvironment.swift, AppDelegate.swift, MainTabView.swift, VibeWatchApp.swift, AppConstants.swift, Migration7_RepositoryLayerCache.swift, DatabaseMigrationManager.swift, DatabaseMigrationService.swift, DatabaseOptimizationRunner.swift, DatabaseUtilities.swift, PersonalizationPerformanceTester.swift, SQLiteMigrations.swift, SQLiteService.swift, AIChatMessage.swift, AppError.swift, Clip.swift, ClipComment.swift, Country.swift, DiscoveryFilters.swift, GlobalDiscoveryFilters.swift, MediaList.swift, Movie.swift, MovieReaction.swift, Person.swift, Sendable+TMDB.swift, StreamingPlatform.swift, SupabaseClip.swift, UpdateRequirement.swift, User.swift, UserProfile.swift, WatchProvider.swift, YouTubeModels.swift, CerebrasService.swift, ClipsService.swift, Config.swift, StreamingAvailabilityService.swift, TMDBService.swift, AuthServiceProtocol.swift, ClipCommentServiceProtocol.swift, ClipsRepositoryProtocol.swift, GamificationServiceProtocol.swift, ImageCacheServiceProtocol.swift, ListManagerProtocol.swift, MovieReactionServiceProtocol.swift, LiveDiscoveryRepository.swift, LiveListRepository.swift, LiveMediaRepository.swift, LiveNotificationRepository.swift, RepositoryCoding.swift, MockDiscoveryRepository.swift, MockListRepository.swift, MockMediaRepository.swift, MockNotificationRepository.swift, DiscoveryRepository.swift, ListRepository.swift, MediaRepository.swift, NotificationRepository.swift, AIContextBuilder.swift, AIQueryClassifier.swift, AITokenManager.swift, AnalyticsContext.swift, AnalyticsInsightsService.swift, AnalyticsService.swift, AuthService.swift, CerebrasBackendBackgroundScheduler.swift, CerebrasBackendJobManager.swift, ClipCommentService.swift, ClipQuotaService.swift, ClipsPrefetchService.swift, ClipsRepository.swift, ClipsSearchService.swift, ContentCacheManager.swift, ConversationMemoryManager.swift, DailyContentPrefetchService.swift, DailyQuotaManager.swift, DatabaseClipsService.swift, DataCoordinator.swift, DetailCacheService.swift, DiscoveryCacheService.swift, DiscoveryCarouselBackgroundRefresher.swift, DiscoveryPersonalizationService.swift, ErrorHandler.swift, GamificationService.swift, ImageCacheService.swift, InstallIDService.swift, InterstitialAdManager.swift, KeychainStorage.swift, ListAvailabilityService.swift, ListManager.swift, LocalizationManager.swift, MovieReactionService.swift, NetworkMonitor.swift, NotificationBackgroundTask.swift, NotificationService.swift, PaywallTriggerService.swift, PersonalizedClipsService.swift, PostHogClient.swift, PredictiveRecommendationService.swift, QuickClipsService.swift, RealtimeSyncService.swift, RevenueCatService.swift, ReviewPromptManager.swift, SmartNotificationService.swift, TrackingPermissionManager.swift, UpdateCheckService.swift, UserEngagementTracker.swift, UserPreferenceManager.swift, SupabaseClient.swift, AppNavigationManager.swift, LanguageDetector.swift, Logger.swift, PlatformDeepLinkHelper.swift, ClipsSearchViewModel.swift, ClipsViewModel.swift, AccountCreationGateView.swift, ClipsSearchView.swift, ClipsView.swift, DailyLimitPaywallView.swift, PricingCard.swift, ProPaywallView.swift, FilmographySelection.swift, ActorDetailViewModel.swift, AIRecommendationViewModel.swift, DiscoveryViewModel.swift, MovieDetailViewModel.swift, SearchViewModel.swift, ActorDetailView.swift, AIRecommendationsView.swift, DiscoveryView.swift, GlobalFilterView.swift, MovieDetailView.swift, SearchView.swift, TVShowDetailView.swift, BadgeGalleryView.swift, FloatingXPBadgeView.swift, LevelProgressView.swift, LevelUpBannerView.swift, XPToastView.swift, ListsViewModel.swift, ListsView.swift, OnboardingViewModel.swift, OnboardingAccountView.swift, OnboardingContainerView.swift, OnboardingPaywallWrapper.swift, OnboardingSteps.swift, OnboardingView.swift, AnalyticsDashboardView.swift, AnalyticsHealthDebugView.swift, CheckEmailView.swift, NotificationPreferencesView.swift, PasswordResetView.swift, ProfileView.swift, SettingsView.swift, SignInView.swift, SignUpView.swift, ConflictResolver.swift, ConflictStrategy.swift, SyncEngine.swift, SyncState.swift, SyncStateMachine.swift, SyncTrigger.swift, AuthenticationGateView.swift, BannerAdView.swift, CachedAsyncImage.swift, CommentInputView.swift, CommentRowView.swift, CommentsListView.swift, ConfirmationPopup.swift, CustomTextFieldStyle.swift, DiscoveryFiltersSheet.swift, ErrorAlert.swift, ImagePicker.swift, LiquidGlassToggle.swift, LiquidGlassView.swift, ListTypeSwitcher.swift, MediaFilterSwitcher.swift, MovieReactionView.swift, OfflineBanner.swift, PlatformSelector.swift, PopupOverlayBackground.swift, ProUpgradeIconButton.swift, SaveToListPanel.swift, ShareSheet.swift, SplashScreen.swift, SVGImageView.swift, ToastView.swift, UpdateRequiredView.swift, Array+Chunked.swift, Color+Theme.swift, Notification+Names.swift, View+SwipeBackGesture.swift, ValidationHelper.swift, GeneratedAssetSymbols.swift (in target 'VibeWatchApp' from project 'VibeWatchApp')

SwiftDriver\ Compilation\ Requirements VibeWatchApp normal arm64 com.apple.xcode.tools.swift.compiler (in target 'VibeWatchApp' from project 'VibeWatchApp')
    cd /Users/nicola/Documents/StartingVibeApps/VibeWatch/.worktrees/data-layer-notifications-refactor/VibeWatch
    builtin-Swift-Compilation-Requirements -- /Applications/Xcode.app/Contents/Developer/Toolchains/XcodeDefault.xctoolchain/usr/bin/swiftc -module-name VibeWatchApp -O -whole-module-optimization -enforce-exclusivity\=checked @/Users/nicola/Library/Developer/Xcode/DerivedData/VibeWatchApp-fejkxouadzscgxcomkozzhgylxpi/Build/Intermediates.noindex/VibeWatchApp.build/Release-iphonesimulator/VibeWatchApp.build/Objects-normal/arm64/VibeWatchApp.SwiftFileList -Xcc -fmodule-map-file\=/Users/nicola/Library/Developer/Xcode/DerivedData/VibeWatchApp-fejkxouadzscgxcomkozzhgylxpi/Build/Intermediates.noindex/GeneratedModuleMaps-iphonesimulator/GoogleUtilities-UserDefaults.modulemap -Xcc -fmodule-map-file\=/Users/nicola/Library/Developer/Xcode/DerivedData/VibeWatchApp-fejkxouadzscgxcomkozzhgylxpi/Build/Intermediates.noindex/GeneratedModuleMaps-iphonesimulator/GoogleUtilities-Network.modulemap -Xcc -fmodule-map-file\=/Users/nicola/Library/Developer/Xcode/DerivedData/VibeWatchApp-fejkxouadzscgxcomkozzhgylxpi/Build/Intermediates.noindex/GeneratedModuleMaps-iphonesimulator/GoogleUtilities-AppDelegateSwizzler.modulemap -Xcc -fmodule-map-file\=/Users/nicola/Library/Developer/Xcode/DerivedData/VibeWatchApp-fejkxouadzscgxcomkozzhgylxpi/Build/Intermediates.noindex/GeneratedModuleMaps-iphonesimulator/GoogleUtilities-Reachability.modulemap -Xcc -fmodule-map-file\=/Users/nicola/Library/Developer/Xcode/DerivedData/VibeWatchApp-fejkxouadzscgxcomkozzhgylxpi/Build/Intermediates.noindex/GeneratedModuleMaps-iphonesimulator/GoogleDataTransport.modulemap -Xcc -fmodule-map-file\=/Users/nicola/Library/Developer/Xcode/DerivedData/VibeWatchApp-fejkxouadzscgxcomkozzhgylxpi/Build/Intermediates.noindex/GeneratedModuleMaps-iphonesimulator/nanopb.modulemap -Xcc -fmodule-map-file\=/Users/nicola/Library/Developer/Xcode/DerivedData/VibeWatchApp-fejkxouadzscgxcomkozzhgylxpi/Build/Intermediates.noindex/GeneratedModuleMaps-iphonesimulator/FirebaseInstallations.modulemap -Xcc -fmodule-map-file\=/Users/nicola/Library/Developer/Xcode/DerivedData/VibeWatchApp-fejkxouadzscgxcomkozzhgylxpi/Build/Intermediates.noindex/GeneratedModuleMaps-iphonesimulator/FirebaseMessaging.modulemap -Xcc -fmodule-map-file\=/Users/nicola/Library/Developer/Xcode/DerivedData/VibeWatchApp-fejkxouadzscgxcomkozzhgylxpi/Build/Intermediates.noindex/GeneratedModuleMaps-iphonesimulator/UserMessagingPlatformTarget.modulemap -Xcc -fmodule-map-file\=/Users/nicola/Library/Developer/Xcode/DerivedData/VibeWatchApp-fejkxouadzscgxcomkozzhgylxpi/Build/Intermediates.noindex/GeneratedModuleMaps-iphonesimulator/GoogleUtilities-NSData.modulemap -Xcc -fmodule-map-file\=/Users/nicola/Library/Developer/Xcode/DerivedData/VibeWatchApp-fejkxouadzscgxcomkozzhgylxpi/Build/Intermediates.noindex/GeneratedModuleMaps-iphonesimulator/GoogleUtilities-Environment.modulemap -Xcc -fmodule-map-file\=/Users/nicola/Library/Developer/Xcode/DerivedData/VibeWatchApp-fejkxouadzscgxcomkozzhgylxpi/Build/Intermediates.noindex/GeneratedModuleMaps-iphonesimulator/third-party-IsAppEncrypted.modulemap -Xcc -fmodule-map-file\=/Users/nicola/Library/Developer/Xcode/DerivedData/VibeWatchApp-fejkxouadzscgxcomkozzhgylxpi/Build/Intermediates.noindex/GeneratedModuleMaps-iphonesimulator/GoogleUtilities-Logger.modulemap -Xcc -fmodule-map-file\=/Users/nicola/Library/Developer/Xcode/DerivedData/VibeWatchApp-fejkxouadzscgxcomkozzhgylxpi/Build/Intermediates.noindex/GeneratedModuleMaps-iphonesimulator/FirebaseCore.modulemap -Xcc -fmodule-map-file\=/Users/nicola/Library/Developer/Xcode/DerivedData/VibeWatchApp-fejkxouadzscgxcomkozzhgylxpi/Build/Intermediates.noindex/GeneratedModuleMaps-iphonesimulator/YouTubeiOSPlayerHelper.modulemap -enable-experimental-feature DebugDescriptionMacro -sdk /Applications/Xcode.app/Contents/Developer/Platforms/iPhoneSimulator.platform/Developer/SDKs/iPhoneSimulator26.2.sdk -target arm64-apple-ios18.5-simulator -g -module-cache-path /Users/nicola/Library/Developer/Xcode/DerivedData/ModuleCache.noindex -Xfrontend -serialize-debugging-options -profile-coverage-mapping -profile-generate -swift-version 6 -I /Users/nicola/Library/Developer/Xcode/DerivedData/VibeWatchApp-fejkxouadzscgxcomkozzhgylxpi/Build/Products/Release-iphonesimulator -F /Users/nicola/Library/Developer/Xcode/DerivedData/VibeWatchApp-fejkxouadzscgxcomkozzhgylxpi/Build/Products/Release-iphonesimulator/PackageFrameworks -F /Users/nicola/Library/Developer/Xcode/DerivedData/VibeWatchApp-fejkxouadzscgxcomkozzhgylxpi/Build/Products/Release-iphonesimulator/PackageFrameworks -F /Users/nicola/Library/Developer/Xcode/DerivedData/VibeWatchApp-fejkxouadzscgxcomkozzhgylxpi/Build/Products/Release-iphonesimulator/PackageFrameworks -F /Users/nicola/Library/Developer/Xcode/DerivedData/VibeWatchApp-fejkxouadzscgxcomkozzhgylxpi/Build/Products/Release-iphonesimulator/PackageFrameworks -F /Users/nicola/Library/Developer/Xcode/DerivedData/VibeWatchApp-fejkxouadzscgxcomkozzhgylxpi/Build/Products/Release-iphonesimulator/PackageFrameworks -F /Users/nicola/Library/Developer/Xcode/DerivedData/VibeWatchApp-fejkxouadzscgxcomkozzhgylxpi/Build/Products/Release-iphonesimulator/PackageFrameworks -F /Users/nicola/Library/Developer/Xcode/DerivedData/VibeWatchApp-fejkxouadzscgxcomkozzhgylxpi/Build/Products/Release-iphonesimulator/PackageFrameworks -F /Users/nicola/Library/Developer/Xcode/DerivedData/VibeWatchApp-fejkxouadzscgxcomkozzhgylxpi/Build/Products/Release-iphonesimulator/PackageFrameworks -F /Users/nicola/Library/Developer/Xcode/DerivedData/VibeWatchApp-fejkxouadzscgxcomkozzhgylxpi/Build/Products/Release-iphonesimulator/PackageFrameworks -F /Users/nicola/Library/Developer/Xcode/DerivedData/VibeWatchApp-fejkxouadzscgxcomkozzhgylxpi/Build/Products/Release-iphonesimulator/PackageFrameworks -F /Users/nicola/Library/Developer/Xcode/DerivedData/VibeWatchApp-fejkxouadzscgxcomkozzhgylxpi/Build/Products/Release-iphonesimulator/PackageFrameworks -F /Users/nicola/Library/Developer/Xcode/DerivedData/VibeWatchApp-fejkxouadzscgxcomkozzhgylxpi/Build/Products/Release-iphonesimulator/PackageFrameworks -F /Users/nicola/Library/Developer/Xcode/DerivedData/VibeWatchApp-fejkxouadzscgxcomkozzhgylxpi/Build/Products/Release-iphonesimulator/PackageFrameworks -F /Users/nicola/Library/Developer/Xcode/DerivedData/VibeWatchApp-fejkxouadzscgxcomkozzhgylxpi/Build/Products/Release-iphonesimulator/PackageFrameworks -F /Users/nicola/Library/Developer/Xcode/DerivedData/VibeWatchApp-fejkxouadzscgxcomkozzhgylxpi/Build/Products/Release-iphonesimulator/PackageFrameworks -F /Users/nicola/Library/Developer/Xcode/DerivedData/VibeWatchApp-fejkxouadzscgxcomkozzhgylxpi/Build/Products/Release-iphonesimulator/PackageFrameworks -F /Users/nicola/Library/Developer/Xcode/DerivedData/VibeWatchApp-fejkxouadzscgxcomkozzhgylxpi/Build/Products/Release-iphonesimulator/PackageFrameworks -F /Users/nicola/Library/Developer/Xcode/DerivedData/VibeWatchApp-fejkxouadzscgxcomkozzhgylxpi/Build/Products/Release-iphonesimulator/PackageFrameworks -F /Users/nicola/Library/Developer/Xcode/DerivedData/VibeWatchApp-fejkxouadzscgxcomkozzhgylxpi/Build/Products/Release-iphonesimulator/PackageFrameworks -F /Users/nicola/Library/Developer/Xcode/DerivedData/VibeWatchApp-fejkxouadzscgxcomkozzhgylxpi/Build/Products/Release-iphonesimulator/PackageFrameworks -F /Users/nicola/Library/Developer/Xcode/DerivedData/VibeWatchApp-fejkxouadzscgxcomkozzhgylxpi/Build/Products/Release-iphonesimulator/PackageFrameworks -F /Users/nicola/Library/Developer/Xcode/DerivedData/VibeWatchApp-fejkxouadzscgxcomkozzhgylxpi/Build/Products/Release-iphonesimulator/PackageFrameworks -F /Users/nicola/Library/Developer/Xcode/DerivedData/VibeWatchApp-fejkxouadzscgxcomkozzhgylxpi/Build/Products/Release-iphonesimulator/PackageFrameworks -F /Users/nicola/Library/Developer/Xcode/DerivedData/VibeWatchApp-fejkxouadzscgxcomkozzhgylxpi/Build/Products/Release-iphonesimulator/PackageFrameworks -F /Users/nicola/Library/Developer/Xcode/DerivedData/VibeWatchApp-fejkxouadzscgxcomkozzhgylxpi/Build/Products/Release-iphonesimulator/PackageFrameworks -F /Users/nicola/Library/Developer/Xcode/DerivedData/VibeWatchApp-fejkxouadzscgxcomkozzhgylxpi/Build/Products/Release-iphonesimulator/PackageFrameworks -F /Users/nicola/Library/Developer/Xcode/DerivedData/VibeWatchApp-fejkxouadzscgxcomkozzhgylxpi/Build/Products/Release-iphonesimulator/PackageFrameworks -F /Users/nicola/Library/Developer/Xcode/DerivedData/VibeWatchApp-fejkxouadzscgxcomkozzhgylxpi/Build/Products/Release-iphonesimulator/PackageFrameworks -F /Users/nicola/Library/Developer/Xcode/DerivedData/VibeWatchApp-fejkxouadzscgxcomkozzhgylxpi/Build/Products/Release-iphonesimulator/PackageFrameworks -F /Users/nicola/Library/Developer/Xcode/DerivedData/VibeWatchApp-fejkxouadzscgxcomkozzhgylxpi/Build/Products/Release-iphonesimulator/PackageFrameworks -F /Users/nicola/Library/Developer/Xcode/DerivedData/VibeWatchApp-fejkxouadzscgxcomkozzhgylxpi/Build/Products/Release-iphonesimulator/PackageFrameworks -F /Users/nicola/Library/Developer/Xcode/DerivedData/VibeWatchApp-fejkxouadzscgxcomkozzhgylxpi/Build/Products/Release-iphonesimulator/PackageFrameworks -F /Users/nicola/Library/Developer/Xcode/DerivedData/VibeWatchApp-fejkxouadzscgxcomkozzhgylxpi/Build/Products/Release-iphonesimulator/PackageFrameworks -F /Users/nicola/Library/Developer/Xcode/DerivedData/VibeWatchApp-fejkxouadzscgxcomkozzhgylxpi/Build/Products/Release-iphonesimulator/PackageFrameworks -F /Users/nicola/Library/Developer/Xcode/DerivedData/VibeWatchApp-fejkxouadzscgxcomkozzhgylxpi/Build/Products/Release-iphonesimulator/PackageFrameworks -F /Users/nicola/Library/Developer/Xcode/DerivedData/VibeWatchApp-fejkxouadzscgxcomkozzhgylxpi/Build/Products/Release-iphonesimulator -emit-localized-strings -emit-localized-strings-path /Users/nicola/Library/Developer/Xcode/DerivedData/VibeWatchApp-fejkxouadzscgxcomkozzhgylxpi/Build/Intermediates.noindex/VibeWatchApp.build/Release-iphonesimulator/VibeWatchApp.build/Objects-normal/arm64 -c -num-threads 12 -Xcc -ivfsstatcache -Xcc /Users/nicola/Library/Developer/Xcode/DerivedData/SDKStatCaches.noindex/iphonesimulator26.2-23C53-7d00a8b37fbd7999ea79df8ebc024bf0.sdkstatcache -output-file-map /Users/nicola/Library/Developer/Xcode/DerivedData/VibeWatchApp-fejkxouadzscgxcomkozzhgylxpi/Build/Intermediates.noindex/VibeWatchApp.build/Release-iphonesimulator/VibeWatchApp.build/Objects-normal/arm64/VibeWatchApp-OutputFileMap.json -use-frontend-parseable-output -save-temps -no-color-diagnostics -explicit-module-build -module-cache-path /Users/nicola/Library/Developer/Xcode/DerivedData/VibeWatchApp-fejkxouadzscgxcomkozzhgylxpi/Build/Intermediates.noindex/SwiftExplicitPrecompiledModules -clang-scanner-module-cache-path /Users/nicola/Library/Developer/Xcode/DerivedData/ModuleCache.noindex -sdk-module-cache-path /Users/nicola/Library/Developer/Xcode/DerivedData/ModuleCache.noindex -serialize-diagnostics -emit-dependencies -emit-module -emit-module-path /Users/nicola/Library/Developer/Xcode/DerivedData/VibeWatchApp-fejkxouadzscgxcomkozzhgylxpi/Build/Intermediates.noindex/VibeWatchApp.build/Release-iphonesimulator/VibeWatchApp.build/Objects-normal/arm64/VibeWatchApp.swiftmodule -validate-clang-modules-once -clang-build-session-file /Users/nicola/Library/Developer/Xcode/DerivedData/ModuleCache.noindex/Session.modulevalidation -Xcc -I/Users/nicola/Library/Developer/Xcode/DerivedData/VibeWatchApp-fejkxouadzscgxcomkozzhgylxpi/Build/Intermediates.noindex/VibeWatchApp.build/Release-iphonesimulator/VibeWatchApp.build/swift-overrides.hmap -emit-const-values -Xfrontend -const-gather-protocols-file -Xfrontend /Users/nicola/Library/Developer/Xcode/DerivedData/VibeWatchApp-fejkxouadzscgxcomkozzhgylxpi/Build/Intermediates.noindex/VibeWatchApp.build/Release-iphonesimulator/VibeWatchApp.build/Objects-normal/arm64/VibeWatchApp_const_extract_protocols.json -Xcc -iquote -Xcc /Users/nicola/Library/Developer/Xcode/DerivedData/VibeWatchApp-fejkxouadzscgxcomkozzhgylxpi/Build/Intermediates.noindex/VibeWatchApp.build/Release-iphonesimulator/VibeWatchApp.build/VibeWatchApp-generated-files.hmap -Xcc -I/Users/nicola/Library/Developer/Xcode/DerivedData/VibeWatchApp-fejkxouadzscgxcomkozzhgylxpi/Build/Intermediates.noindex/VibeWatchApp.build/Release-iphonesimulator/VibeWatchApp.build/VibeWatchApp-own-target-headers.hmap -Xcc -I/Users/nicola/Library/Developer/Xcode/DerivedData/VibeWatchApp-fejkxouadzscgxcomkozzhgylxpi/Build/Intermediates.noindex/VibeWatchApp.build/Release-iphonesimulator/VibeWatchApp.build/VibeWatchApp-all-non-framework-target-headers.hmap -Xcc -ivfsoverlay -Xcc /Users/nicola/Library/Developer/Xcode/DerivedData/VibeWatchApp-fejkxouadzscgxcomkozzhgylxpi/Build/Intermediates.noindex/VibeWatchApp.build/Release-iphonesimulator/VibeWatchApp-2c2f4552a4d9b7154b96d14bfa7e9217-VFS-iphonesimulator/all-product-headers.yaml -Xcc -iquote -Xcc /Users/nicola/Library/Developer/Xcode/DerivedData/VibeWatchApp-fejkxouadzscgxcomkozzhgylxpi/Build/Intermediates.noindex/VibeWatchApp.build/Release-iphonesimulator/VibeWatchApp.build/VibeWatchApp-project-headers.hmap -Xcc -I/Users/nicola/Library/Developer/Xcode/DerivedData/VibeWatchApp-fejkxouadzscgxcomkozzhgylxpi/SourcePackages/checkouts/promises/Sources/FBLPromises/include -Xcc -I/Users/nicola/Library/Developer/Xcode/DerivedData/VibeWatchApp-fejkxouadzscgxcomkozzhgylxpi/SourcePackages/checkouts/GoogleUtilities/GoogleUtilities/UserDefaults/Public -Xcc -I/Users/nicola/Library/Developer/Xcode/DerivedData/VibeWatchApp-fejkxouadzscgxcomkozzhgylxpi/SourcePackages/checkouts/GoogleUtilities/GoogleUtilities/Network/Public -Xcc -I/Users/nicola/Library/Developer/Xcode/DerivedData/VibeWatchApp-fejkxouadzscgxcomkozzhgylxpi/SourcePackages/checkouts/GoogleUtilities/GoogleUtilities/AppDelegateSwizzler/Public -Xcc -I/Users/nicola/Library/Developer/Xcode/DerivedData/VibeWatchApp-fejkxouadzscgxcomkozzhgylxpi/SourcePackages/checkouts/GoogleUtilities/GoogleUtilities/Reachability/Public -Xcc -I/Users/nicola/Library/Developer/Xcode/DerivedData/VibeWatchApp-fejkxouadzscgxcomkozzhgylxpi/SourcePackages/checkouts/GoogleDataTransport/GoogleDataTransport/GDTCORLibrary/Public -Xcc -I/Users/nicola/Library/Developer/Xcode/DerivedData/VibeWatchApp-fejkxouadzscgxcomkozzhgylxpi/SourcePackages/checkouts/nanopb/spm_headers -Xcc -I/Users/nicola/Library/Developer/Xcode/DerivedData/VibeWatchApp-fejkxouadzscgxcomkozzhgylxpi/SourcePackages/checkouts/firebase-ios-sdk/FirebaseInstallations/Source/Library/Public -Xcc -I/Users/nicola/Library/Developer/Xcode/DerivedData/VibeWatchApp-fejkxouadzscgxcomkozzhgylxpi/SourcePackages/checkouts/firebase-ios-sdk/FirebaseMessaging/Sources/Public -Xcc -I/Users/nicola/Library/Developer/Xcode/DerivedData/VibeWatchApp-fejkxouadzscgxcomkozzhgylxpi/SourcePackages/checkouts/swift-package-manager-google-user-messaging-platform/UserMessagingPlatformTarget/include -Xcc -I/Users/nicola/Library/Developer/Xcode/DerivedData/VibeWatchApp-fejkxouadzscgxcomkozzhgylxpi/SourcePackages/checkouts/GoogleUtilities/GoogleUtilities/NSData+zlib/Public -Xcc -I/Users/nicola/Library/Developer/Xcode/DerivedData/VibeWatchApp-fejkxouadzscgxcomkozzhgylxpi/SourcePackages/checkouts/GoogleUtilities/GoogleUtilities/Environment/Public -Xcc -I/Users/nicola/Library/Developer/Xcode/DerivedData/VibeWatchApp-fejkxouadzscgxcomkozzhgylxpi/SourcePackages/checkouts/GoogleUtilities/third_party/IsAppEncrypted/Public -Xcc -I/Users/nicola/Library/Developer/Xcode/DerivedData/VibeWatchApp-fejkxouadzscgxcomkozzhgylxpi/SourcePackages/checkouts/GoogleUtilities/GoogleUtilities/Logger/Public -Xcc -I/Users/nicola/Library/Developer/Xcode/DerivedData/VibeWatchApp-fejkxouadzscgxcomkozzhgylxpi/SourcePackages/checkouts/firebase-ios-sdk/CoreOnly/Sources -Xcc -I/Users/nicola/Library/Developer/Xcode/DerivedData/VibeWatchApp-fejkxouadzscgxcomkozzhgylxpi/SourcePackages/checkouts/firebase-ios-sdk/FirebaseCore/Sources/Public -Xcc -I/Users/nicola/Library/Developer/Xcode/DerivedData/VibeWatchApp-fejkxouadzscgxcomkozzhgylxpi/SourcePackages/checkouts/youtube-ios-player-helper/Sources -Xcc -I/Users/nicola/Library/Developer/Xcode/DerivedData/VibeWatchApp-fejkxouadzscgxcomkozzhgylxpi/Build/Products/Release-iphonesimulator/include -Xcc -I/Users/nicola/Library/Developer/Xcode/DerivedData/VibeWatchApp-fejkxouadzscgxcomkozzhgylxpi/Build/Intermediates.noindex/VibeWatchApp.build/Release-iphonesimulator/VibeWatchApp.build/DerivedSources-normal/arm64 -Xcc -I/Users/nicola/Library/Developer/Xcode/DerivedData/VibeWatchApp-fejkxouadzscgxcomkozzhgylxpi/Build/Intermediates.noindex/VibeWatchApp.build/Release-iphonesimulator/VibeWatchApp.build/DerivedSources/arm64 -Xcc -I/Users/nicola/Library/Developer/Xcode/DerivedData/VibeWatchApp-fejkxouadzscgxcomkozzhgylxpi/Build/Intermediates.noindex/VibeWatchApp.build/Release-iphonesimulator/VibeWatchApp.build/DerivedSources -emit-objc-header -emit-objc-header-path /Users/nicola/Library/Developer/Xcode/DerivedData/VibeWatchApp-fejkxouadzscgxcomkozzhgylxpi/Build/Intermediates.noindex/VibeWatchApp.build/Release-iphonesimulator/VibeWatchApp.build/Objects-normal/arm64/VibeWatchApp-Swift.h -working-directory /Users/nicola/Documents/StartingVibeApps/VibeWatch/.worktrees/data-layer-notifications-refactor/VibeWatch -no-emit-module-separately-wmo

Ld /Users/nicola/Library/Developer/Xcode/DerivedData/VibeWatchApp-fejkxouadzscgxcomkozzhgylxpi/Build/Products/Release-iphonesimulator/VibeWatchApp.app/VibeWatchApp normal (in target 'VibeWatchApp' from project 'VibeWatchApp')
    cd /Users/nicola/Documents/StartingVibeApps/VibeWatch/.worktrees/data-layer-notifications-refactor/VibeWatch
    /Applications/Xcode.app/Contents/Developer/Toolchains/XcodeDefault.xctoolchain/usr/bin/clang -Xlinker -reproducible -target arm64-apple-ios18.5-simulator -isysroot /Applications/Xcode.app/Contents/Developer/Platforms/iPhoneSimulator.platform/Developer/SDKs/iPhoneSimulator26.2.sdk -Os -L/Users/nicola/Library/Developer/Xcode/DerivedData/VibeWatchApp-fejkxouadzscgxcomkozzhgylxpi/Build/Intermediates.noindex/EagerLinkingTBDs/Release-iphonesimulator -L/Users/nicola/Library/Developer/Xcode/DerivedData/VibeWatchApp-fejkxouadzscgxcomkozzhgylxpi/Build/Products/Release-iphonesimulator -F/Users/nicola/Library/Developer/Xcode/DerivedData/VibeWatchApp-fejkxouadzscgxcomkozzhgylxpi/Build/Intermediates.noindex/EagerLinkingTBDs/Release-iphonesimulator -F/Users/nicola/Library/Developer/Xcode/DerivedData/VibeWatchApp-fejkxouadzscgxcomkozzhgylxpi/Build/Products/Release-iphonesimulator/PackageFrameworks -F/Users/nicola/Library/Developer/Xcode/DerivedData/VibeWatchApp-fejkxouadzscgxcomkozzhgylxpi/Build/Products/Release-iphonesimulator/PackageFrameworks -F/Users/nicola/Library/Developer/Xcode/DerivedData/VibeWatchApp-fejkxouadzscgxcomkozzhgylxpi/Build/Products/Release-iphonesimulator/PackageFrameworks -F/Users/nicola/Library/Developer/Xcode/DerivedData/VibeWatchApp-fejkxouadzscgxcomkozzhgylxpi/Build/Products/Release-iphonesimulator/PackageFrameworks -F/Users/nicola/Library/Developer/Xcode/DerivedData/VibeWatchApp-fejkxouadzscgxcomkozzhgylxpi/Build/Products/Release-iphonesimulator/PackageFrameworks -F/Users/nicola/Library/Developer/Xcode/DerivedData/VibeWatchApp-fejkxouadzscgxcomkozzhgylxpi/Build/Products/Release-iphonesimulator/PackageFrameworks -F/Users/nicola/Library/Developer/Xcode/DerivedData/VibeWatchApp-fejkxouadzscgxcomkozzhgylxpi/Build/Products/Release-iphonesimulator/PackageFrameworks -F/Users/nicola/Library/Developer/Xcode/DerivedData/VibeWatchApp-fejkxouadzscgxcomkozzhgylxpi/Build/Products/Release-iphonesimulator/PackageFrameworks -F/Users/nicola/Library/Developer/Xcode/DerivedData/VibeWatchApp-fejkxouadzscgxcomkozzhgylxpi/Build/Products/Release-iphonesimulator/PackageFrameworks -F/Users/nicola/Library/Developer/Xcode/DerivedData/VibeWatchApp-fejkxouadzscgxcomkozzhgylxpi/Build/Products/Release-iphonesimulator/PackageFrameworks -F/Users/nicola/Library/Developer/Xcode/DerivedData/VibeWatchApp-fejkxouadzscgxcomkozzhgylxpi/Build/Products/Release-iphonesimulator/PackageFrameworks -F/Users/nicola/Library/Developer/Xcode/DerivedData/VibeWatchApp-fejkxouadzscgxcomkozzhgylxpi/Build/Products/Release-iphonesimulator/PackageFrameworks -F/Users/nicola/Library/Developer/Xcode/DerivedData/VibeWatchApp-fejkxouadzscgxcomkozzhgylxpi/Build/Products/Release-iphonesimulator/PackageFrameworks -F/Users/nicola/Library/Developer/Xcode/DerivedData/VibeWatchApp-fejkxouadzscgxcomkozzhgylxpi/Build/Products/Release-iphonesimulator/PackageFrameworks -F/Users/nicola/Library/Developer/Xcode/DerivedData/VibeWatchApp-fejkxouadzscgxcomkozzhgylxpi/Build/Products/Release-iphonesimulator/PackageFrameworks -F/Users/nicola/Library/Developer/Xcode/DerivedData/VibeWatchApp-fejkxouadzscgxcomkozzhgylxpi/Build/Products/Release-iphonesimulator/PackageFrameworks -F/Users/nicola/Library/Developer/Xcode/DerivedData/VibeWatchApp-fejkxouadzscgxcomkozzhgylxpi/Build/Products/Release-iphonesimulator/PackageFrameworks -F/Users/nicola/Library/Developer/Xcode/DerivedData/VibeWatchApp-fejkxouadzscgxcomkozzhgylxpi/Build/Products/Release-iphonesimulator/PackageFrameworks -F/Users/nicola/Library/Developer/Xcode/DerivedData/VibeWatchApp-fejkxouadzscgxcomkozzhgylxpi/Build/Products/Release-iphonesimulator/PackageFrameworks -F/Users/nicola/Library/Developer/Xcode/DerivedData/VibeWatchApp-fejkxouadzscgxcomkozzhgylxpi/Build/Products/Release-iphonesimulator/PackageFrameworks -F/Users/nicola/Library/Developer/Xcode/DerivedData/VibeWatchApp-fejkxouadzscgxcomkozzhgylxpi/Build/Products/Release-iphonesimulator/PackageFrameworks -F/Users/nicola/Library/Developer/Xcode/DerivedData/VibeWatchApp-fejkxouadzscgxcomkozzhgylxpi/Build/Products/Release-iphonesimulator/PackageFrameworks -F/Users/nicola/Library/Developer/Xcode/DerivedData/VibeWatchApp-fejkxouadzscgxcomkozzhgylxpi/Build/Products/Release-iphonesimulator/PackageFrameworks -F/Users/nicola/Library/Developer/Xcode/DerivedData/VibeWatchApp-fejkxouadzscgxcomkozzhgylxpi/Build/Products/Release-iphonesimulator/PackageFrameworks -F/Users/nicola/Library/Developer/Xcode/DerivedData/VibeWatchApp-fejkxouadzscgxcomkozzhgylxpi/Build/Products/Release-iphonesimulator/PackageFrameworks -F/Users/nicola/Library/Developer/Xcode/DerivedData/VibeWatchApp-fejkxouadzscgxcomkozzhgylxpi/Build/Products/Release-iphonesimulator/PackageFrameworks -F/Users/nicola/Library/Developer/Xcode/DerivedData/VibeWatchApp-fejkxouadzscgxcomkozzhgylxpi/Build/Products/Release-iphonesimulator/PackageFrameworks -F/Users/nicola/Library/Developer/Xcode/DerivedData/VibeWatchApp-fejkxouadzscgxcomkozzhgylxpi/Build/Products/Release-iphonesimulator/PackageFrameworks -F/Users/nicola/Library/Developer/Xcode/DerivedData/VibeWatchApp-fejkxouadzscgxcomkozzhgylxpi/Build/Products/Release-iphonesimulator/PackageFrameworks -F/Users/nicola/Library/Developer/Xcode/DerivedData/VibeWatchApp-fejkxouadzscgxcomkozzhgylxpi/Build/Products/Release-iphonesimulator/PackageFrameworks -F/Users/nicola/Library/Developer/Xcode/DerivedData/VibeWatchApp-fejkxouadzscgxcomkozzhgylxpi/Build/Products/Release-iphonesimulator/PackageFrameworks -F/Users/nicola/Library/Developer/Xcode/DerivedData/VibeWatchApp-fejkxouadzscgxcomkozzhgylxpi/Build/Products/Release-iphonesimulator/PackageFrameworks -F/Users/nicola/Library/Developer/Xcode/DerivedData/VibeWatchApp-fejkxouadzscgxcomkozzhgylxpi/Build/Products/Release-iphonesimulator/PackageFrameworks -F/Users/nicola/Library/Developer/Xcode/DerivedData/VibeWatchApp-fejkxouadzscgxcomkozzhgylxpi/Build/Products/Release-iphonesimulator/PackageFrameworks -F/Users/nicola/Library/Developer/Xcode/DerivedData/VibeWatchApp-fejkxouadzscgxcomkozzhgylxpi/Build/Products/Release-iphonesimulator/PackageFrameworks -F/Users/nicola/Library/Developer/Xcode/DerivedData/VibeWatchApp-fejkxouadzscgxcomkozzhgylxpi/Build/Products/Release-iphonesimulator -filelist /Users/nicola/Library/Developer/Xcode/DerivedData/VibeWatchApp-fejkxouadzscgxcomkozzhgylxpi/Build/Intermediates.noindex/VibeWatchApp.build/Release-iphonesimulator/VibeWatchApp.build/Objects-normal/arm64/VibeWatchApp.LinkFileList -Xlinker -rpath -Xlinker /usr/lib/swift -Xlinker -rpath -Xlinker @executable_path/Frameworks -dead_strip -Xlinker -object_path_lto -Xlinker /Users/nicola/Library/Developer/Xcode/DerivedData/VibeWatchApp-fejkxouadzscgxcomkozzhgylxpi/Build/Intermediates.noindex/VibeWatchApp.build/Release-iphonesimulator/VibeWatchApp.build/Objects-normal/arm64/VibeWatchApp_lto.o -Xlinker -objc_abi_version -Xlinker 2 -Xlinker -debug_variant -Xlinker -dependency_info -Xlinker /Users/nicola/Library/Developer/Xcode/DerivedData/VibeWatchApp-fejkxouadzscgxcomkozzhgylxpi/Build/Intermediates.noindex/VibeWatchApp.build/Release-iphonesimulator/VibeWatchApp.build/Objects-normal/arm64/VibeWatchApp_dependency_info.dat -fobjc-link-runtime -fprofile-instr-generate -L/Applications/Xcode.app/Contents/Developer/Toolchains/XcodeDefault.xctoolchain/usr/lib/swift/iphonesimulator -L/usr/lib/swift -Xlinker -add_ast_path -Xlinker /Users/nicola/Library/Developer/Xcode/DerivedData/VibeWatchApp-fejkxouadzscgxcomkozzhgylxpi/Build/Intermediates.noindex/VibeWatchApp.build/Release-iphonesimulator/VibeWatchApp.build/Objects-normal/arm64/VibeWatchApp.swiftmodule @/Users/nicola/Library/Developer/Xcode/DerivedData/VibeWatchApp-fejkxouadzscgxcomkozzhgylxpi/Build/Intermediates.noindex/VibeWatchApp.build/Release-iphonesimulator/VibeWatchApp.build/Objects-normal/arm64/VibeWatchApp-linker-args.resp -Wl,-no_warn_duplicate_libraries -Wl,-no_warn_duplicate_libraries -Wl,-no_warn_duplicate_libraries -Wl,-no_warn_duplicate_libraries -Wl,-no_warn_duplicate_libraries -Wl,-no_warn_duplicate_libraries -Wl,-no_warn_duplicate_libraries -Wl,-no_warn_duplicate_libraries -Wl,-no_warn_duplicate_libraries -Wl,-no_warn_duplicate_libraries -Wl,-no_warn_duplicate_libraries -Wl,-no_warn_duplicate_libraries -Wl,-no_warn_duplicate_libraries -Wl,-no_warn_duplicate_libraries -Wl,-no_warn_duplicate_libraries -Wl,-no_warn_duplicate_libraries -Wl,-no_warn_duplicate_libraries -Wl,-no_warn_duplicate_libraries -Wl,-no_warn_duplicate_libraries -Wl,-no_warn_duplicate_libraries -Wl,-no_warn_duplicate_libraries -Wl,-no_warn_duplicate_libraries -Wl,-no_warn_duplicate_libraries -Wl,-no_warn_duplicate_libraries -Wl,-no_warn_duplicate_libraries -Wl,-no_warn_duplicate_libraries -Wl,-no_warn_duplicate_libraries -Wl,-no_warn_duplicate_libraries -Wl,-no_warn_duplicate_libraries -Wl,-no_warn_duplicate_libraries -Wl,-no_warn_duplicate_libraries -Wl,-no_warn_duplicate_libraries -Wl,-no_warn_duplicate_libraries -Wl,-no_warn_duplicate_libraries -Wl,-no_warn_duplicate_libraries -framework UIKit -lz -framework WebKit -framework SystemConfiguration -framework Security -framework SystemConfiguration -framework CoreTelephony -Xlinker -sectcreate -Xlinker __TEXT -Xlinker __entitlements -Xlinker /Users/nicola/Library/Developer/Xcode/DerivedData/VibeWatchApp-fejkxouadzscgxcomkozzhgylxpi/Build/Intermediates.noindex/VibeWatchApp.build/Release-iphonesimulator/VibeWatchApp.build/VibeWatchApp.app-Simulated.xcent -Xlinker -sectcreate -Xlinker __TEXT -Xlinker __ents_der -Xlinker /Users/nicola/Library/Developer/Xcode/DerivedData/VibeWatchApp-fejkxouadzscgxcomkozzhgylxpi/Build/Intermediates.noindex/VibeWatchApp.build/Release-iphonesimulator/VibeWatchApp.build/VibeWatchApp.app-Simulated.xcent.der -framework GoogleMobileAds -framework UserMessagingPlatform -Xlinker -no_adhoc_codesign -o /Users/nicola/Library/Developer/Xcode/DerivedData/VibeWatchApp-fejkxouadzscgxcomkozzhgylxpi/Build/Products/Release-iphonesimulator/VibeWatchApp.app/VibeWatchApp -Xlinker -add_ast_path -Xlinker /Users/nicola/Library/Developer/Xcode/DerivedData/VibeWatchApp-fejkxouadzscgxcomkozzhgylxpi/Build/Intermediates.noindex/RevenueCat.build/Release-iphonesimulator/RevenueCat.build/Objects-normal/arm64/RevenueCat.swiftmodule @/Users/nicola/Library/Developer/Xcode/DerivedData/VibeWatchApp-fejkxouadzscgxcomkozzhgylxpi/Build/Intermediates.noindex/RevenueCat.build/Release-iphonesimulator/RevenueCat.build/Objects-normal/arm64/RevenueCat-linker-args.resp -Xlinker -add_ast_path -Xlinker /Users/nicola/Library/Developer/Xcode/DerivedData/VibeWatchApp-fejkxouadzscgxcomkozzhgylxpi/Build/Intermediates.noindex/Supabase.build/Release-iphonesimulator/PostgREST.build/Objects-normal/arm64/PostgREST.swiftmodule @/Users/nicola/Library/Developer/Xcode/DerivedData/VibeWatchApp-fejkxouadzscgxcomkozzhgylxpi/Build/Intermediates.noindex/Supabase.build/Release-iphonesimulator/PostgREST.build/Objects-normal/arm64/PostgREST-linker-args.resp -Xlinker -add_ast_path -Xlinker /Users/nicola/Library/Developer/Xcode/DerivedData/VibeWatchApp-fejkxouadzscgxcomkozzhgylxpi/Build/Intermediates.noindex/swift-concurrency-extras.build/Release-iphonesimulator/ConcurrencyExtras.build/Objects-normal/arm64/ConcurrencyExtras.swiftmodule @/Users/nicola/Library/Developer/Xcode/DerivedData/VibeWatchApp-fejkxouadzscgxcomkozzhgylxpi/Build/Intermediates.noindex/swift-concurrency-extras.build/Release-iphonesimulator/ConcurrencyExtras.build/Objects-normal/arm64/ConcurrencyExtras-linker-args.resp -Xlinker -add_ast_path -Xlinker /Users/nicola/Library/Developer/Xcode/DerivedData/VibeWatchApp-fejkxouadzscgxcomkozzhgylxpi/Build/Intermediates.noindex/swift-http-types.build/Release-iphonesimulator/HTTPTypes.build/Objects-normal/arm64/HTTPTypes.swiftmodule @/Users/nicola/Library/Developer/Xcode/DerivedData/VibeWatchApp-fejkxouadzscgxcomkozzhgylxpi/Build/Intermediates.noindex/swift-http-types.build/Release-iphonesimulator/HTTPTypes.build/Objects-normal/arm64/HTTPTypes-linker-args.resp -Xlinker -add_ast_path -Xlinker /Users/nicola/Library/Developer/Xcode/DerivedData/VibeWatchApp-fejkxouadzscgxcomkozzhgylxpi/Build/Intermediates.noindex/swift-clocks.build/Release-iphonesimulator/Clocks.build/Objects-normal/arm64/Clocks.swiftmodule @/Users/nicola/Library/Developer/Xcode/DerivedData/VibeWatchApp-fejkxouadzscgxcomkozzhgylxpi/Build/Intermediates.noindex/swift-clocks.build/Release-iphonesimulator/Clocks.build/Objects-normal/arm64/Clocks-linker-args.resp -Xlinker -add_ast_path -Xlinker /Users/nicola/Library/Developer/Xcode/DerivedData/VibeWatchApp-fejkxouadzscgxcomkozzhgylxpi/Build/Intermediates.noindex/xctest-dynamic-overlay.build/Release-iphonesimulator/IssueReporting.build/Objects-normal/arm64/IssueReporting.swiftmodule @/Users/nicola/Library/Developer/Xcode/DerivedData/VibeWatchApp-fejkxouadzscgxcomkozzhgylxpi/Build/Intermediates.noindex/xctest-dynamic-overlay.build/Release-iphonesimulator/IssueReporting.build/Objects-normal/arm64/IssueReporting-linker-args.resp -Xlinker -add_ast_path -Xlinker /Users/nicola/Library/Developer/Xcode/DerivedData/VibeWatchApp-fejkxouadzscgxcomkozzhgylxpi/Build/Intermediates.noindex/xctest-dynamic-overlay.build/Release-iphonesimulator/IssueReportingPackageSupport.build/Objects-normal/arm64/IssueReportingPackageSupport.swiftmodule @/Users/nicola/Library/Developer/Xcode/DerivedData/VibeWatchApp-fejkxouadzscgxcomkozzhgylxpi/Build/Intermediates.noindex/xctest-dynamic-overlay.build/Release-iphonesimulator/IssueReportingPackageSupport.build/Objects-normal/arm64/IssueReportingPackageSupport-linker-args.resp -Xlinker -add_ast_path -Xlinker /Users/nicola/Library/Developer/Xcode/DerivedData/VibeWatchApp-fejkxouadzscgxcomkozzhgylxpi/Build/Intermediates.noindex/xctest-dynamic-overlay.build/Release-iphonesimulator/XCTestDynamicOverlay.build/Objects-normal/arm64/XCTestDynamicOverlay.swiftmodule @/Users/nicola/Library/Developer/Xcode/DerivedData/VibeWatchApp-fejkxouadzscgxcomkozzhgylxpi/Build/Intermediates.noindex/xctest-dynamic-overlay.build/Release-iphonesimulator/XCTestDynamicOverlay.build/Objects-normal/arm64/XCTestDynamicOverlay-linker-args.resp -Xlinker -add_ast_path -Xlinker /Users/nicola/Library/Developer/Xcode/DerivedData/VibeWatchApp-fejkxouadzscgxcomkozzhgylxpi/Build/Intermediates.noindex/Supabase.build/Release-iphonesimulator/Helpers.build/Objects-normal/arm64/Helpers.swiftmodule @/Users/nicola/Library/Developer/Xcode/DerivedData/VibeWatchApp-fejkxouadzscgxcomkozzhgylxpi/Build/Intermediates.noindex/Supabase.build/Release-iphonesimulator/Helpers.build/Objects-normal/arm64/Helpers-linker-args.resp -Xlinker -add_ast_path -Xlinker /Users/nicola/Library/Developer/Xcode/DerivedData/VibeWatchApp-fejkxouadzscgxcomkozzhgylxpi/Build/Intermediates.noindex/Firebase.build/Release-iphonesimulator/FirebaseCoreInternal.build/Objects-normal/arm64/FirebaseCoreInternal.swiftmodule @/Users/nicola/Library/Developer/Xcode/DerivedData/VibeWatchApp-fejkxouadzscgxcomkozzhgylxpi/Build/Intermediates.noindex/Firebase.build/Release-iphonesimulator/FirebaseCoreInternal.build/Objects-normal/arm64/FirebaseCoreInternal-linker-args.resp -Xlinker -add_ast_path -Xlinker /Users/nicola/Library/Developer/Xcode/DerivedData/VibeWatchApp-fejkxouadzscgxcomkozzhgylxpi/Build/Intermediates.noindex/GoogleMobileAds.build/Release-iphonesimulator/GoogleMobileAdsTarget.build/Objects-normal/arm64/GoogleMobileAdsTarget.swiftmodule @/Users/nicola/Library/Developer/Xcode/DerivedData/VibeWatchApp-fejkxouadzscgxcomkozzhgylxpi/Build/Intermediates.noindex/GoogleMobileAds.build/Release-iphonesimulator/GoogleMobileAdsTarget.build/Objects-normal/arm64/GoogleMobileAdsTarget-linker-args.resp -Xlinker -add_ast_path -Xlinker /Users/nicola/Library/Developer/Xcode/DerivedData/VibeWatchApp-fejkxouadzscgxcomkozzhgylxpi/Build/Intermediates.noindex/Supabase.build/Release-iphonesimulator/Auth.build/Objects-normal/arm64/Auth.swiftmodule @/Users/nicola/Library/Developer/Xcode/DerivedData/VibeWatchApp-fejkxouadzscgxcomkozzhgylxpi/Build/Intermediates.noindex/Supabase.build/Release-iphonesimulator/Auth.build/Objects-normal/arm64/Auth-linker-args.resp -Xlinker -add_ast_path -Xlinker /Users/nicola/Library/Developer/Xcode/DerivedData/VibeWatchApp-fejkxouadzscgxcomkozzhgylxpi/Build/Intermediates.noindex/swift-crypto.build/Release-iphonesimulator/Crypto.build/Objects-normal/arm64/Crypto.swiftmodule @/Users/nicola/Library/Developer/Xcode/DerivedData/VibeWatchApp-fejkxouadzscgxcomkozzhgylxpi/Build/Intermediates.noindex/swift-crypto.build/Release-iphonesimulator/Crypto.build/Objects-normal/arm64/Crypto-linker-args.resp -Xlinker -add_ast_path -Xlinker /Users/nicola/Library/Developer/Xcode/DerivedData/VibeWatchApp-fejkxouadzscgxcomkozzhgylxpi/Build/Intermediates.noindex/RevenueCat.build/Release-iphonesimulator/RevenueCatUI.build/Objects-normal/arm64/RevenueCatUI.swiftmodule @/Users/nicola/Library/Developer/Xcode/DerivedData/VibeWatchApp-fejkxouadzscgxcomkozzhgylxpi/Build/Intermediates.noindex/RevenueCat.build/Release-iphonesimulator/RevenueCatUI.build/Objects-normal/arm64/RevenueCatUI-linker-args.resp -Xlinker -add_ast_path -Xlinker /Users/nicola/Library/Developer/Xcode/DerivedData/VibeWatchApp-fejkxouadzscgxcomkozzhgylxpi/Build/Intermediates.noindex/Supabase.build/Release-iphonesimulator/Supabase.build/Objects-normal/arm64/Supabase.swiftmodule @/Users/nicola/Library/Developer/Xcode/DerivedData/VibeWatchApp-fejkxouadzscgxcomkozzhgylxpi/Build/Intermediates.noindex/Supabase.build/Release-iphonesimulator/Supabase.build/Objects-normal/arm64/Supabase-linker-args.resp -Xlinker -add_ast_path -Xlinker /Users/nicola/Library/Developer/Xcode/DerivedData/VibeWatchApp-fejkxouadzscgxcomkozzhgylxpi/Build/Intermediates.noindex/Supabase.build/Release-iphonesimulator/Functions.build/Objects-normal/arm64/Functions.swiftmodule @/Users/nicola/Library/Developer/Xcode/DerivedData/VibeWatchApp-fejkxouadzscgxcomkozzhgylxpi/Build/Intermediates.noindex/Supabase.build/Release-iphonesimulator/Functions.build/Objects-normal/arm64/Functions-linker-args.resp -Xlinker -add_ast_path -Xlinker /Users/nicola/Library/Developer/Xcode/DerivedData/VibeWatchApp-fejkxouadzscgxcomkozzhgylxpi/Build/Intermediates.noindex/Supabase.build/Release-iphonesimulator/Realtime.build/Objects-normal/arm64/Realtime.swiftmodule @/Users/nicola/Library/Developer/Xcode/DerivedData/VibeWatchApp-fejkxouadzscgxcomkozzhgylxpi/Build/Intermediates.noindex/Supabase.build/Release-iphonesimulator/Realtime.build/Objects-normal/arm64/Realtime-linker-args.resp -Xlinker -add_ast_path -Xlinker /Users/nicola/Library/Developer/Xcode/DerivedData/VibeWatchApp-fejkxouadzscgxcomkozzhgylxpi/Build/Intermediates.noindex/Supabase.build/Release-iphonesimulator/Storage.build/Objects-normal/arm64/Storage.swiftmodule @/Users/nicola/Library/Developer/Xcode/DerivedData/VibeWatchApp-fejkxouadzscgxcomkozzhgylxpi/Build/Intermediates.noindex/Supabase.build/Release-iphonesimulator/Storage.build/Objects-normal/arm64/Storage-linker-args.resp

Copy /Users/nicola/Library/Developer/Xcode/DerivedData/VibeWatchApp-fejkxouadzscgxcomkozzhgylxpi/Build/Products/Release-iphonesimulator/VibeWatchApp.swiftmodule/Project/arm64-apple-ios-simulator.swiftsourceinfo /Users/nicola/Library/Developer/Xcode/DerivedData/VibeWatchApp-fejkxouadzscgxcomkozzhgylxpi/Build/Intermediates.noindex/VibeWatchApp.build/Release-iphonesimulator/VibeWatchApp.build/Objects-normal/arm64/VibeWatchApp.swiftsourceinfo (in target 'VibeWatchApp' from project 'VibeWatchApp')
    cd /Users/nicola/Documents/StartingVibeApps/VibeWatch/.worktrees/data-layer-notifications-refactor/VibeWatch
    builtin-copy -exclude .DS_Store -exclude CVS -exclude .svn -exclude .git -exclude .hg -resolve-src-symlinks -rename /Users/nicola/Library/Developer/Xcode/DerivedData/VibeWatchApp-fejkxouadzscgxcomkozzhgylxpi/Build/Intermediates.noindex/VibeWatchApp.build/Release-iphonesimulator/VibeWatchApp.build/Objects-normal/arm64/VibeWatchApp.swiftsourceinfo /Users/nicola/Library/Developer/Xcode/DerivedData/VibeWatchApp-fejkxouadzscgxcomkozzhgylxpi/Build/Products/Release-iphonesimulator/VibeWatchApp.swiftmodule/Project/arm64-apple-ios-simulator.swiftsourceinfo

Copy /Users/nicola/Library/Developer/Xcode/DerivedData/VibeWatchApp-fejkxouadzscgxcomkozzhgylxpi/Build/Products/Release-iphonesimulator/VibeWatchApp.swiftmodule/arm64-apple-ios-simulator.abi.json /Users/nicola/Library/Developer/Xcode/DerivedData/VibeWatchApp-fejkxouadzscgxcomkozzhgylxpi/Build/Intermediates.noindex/VibeWatchApp.build/Release-iphonesimulator/VibeWatchApp.build/Objects-normal/arm64/VibeWatchApp.abi.json (in target 'VibeWatchApp' from project 'VibeWatchApp')
    cd /Users/nicola/Documents/StartingVibeApps/VibeWatch/.worktrees/data-layer-notifications-refactor/VibeWatch
    builtin-copy -exclude .DS_Store -exclude CVS -exclude .svn -exclude .git -exclude .hg -resolve-src-symlinks -rename /Users/nicola/Library/Developer/Xcode/DerivedData/VibeWatchApp-fejkxouadzscgxcomkozzhgylxpi/Build/Intermediates.noindex/VibeWatchApp.build/Release-iphonesimulator/VibeWatchApp.build/Objects-normal/arm64/VibeWatchApp.abi.json /Users/nicola/Library/Developer/Xcode/DerivedData/VibeWatchApp-fejkxouadzscgxcomkozzhgylxpi/Build/Products/Release-iphonesimulator/VibeWatchApp.swiftmodule/arm64-apple-ios-simulator.abi.json

Copy /Users/nicola/Library/Developer/Xcode/DerivedData/VibeWatchApp-fejkxouadzscgxcomkozzhgylxpi/Build/Products/Release-iphonesimulator/VibeWatchApp.swiftmodule/arm64-apple-ios-simulator.swiftmodule /Users/nicola/Library/Developer/Xcode/DerivedData/VibeWatchApp-fejkxouadzscgxcomkozzhgylxpi/Build/Intermediates.noindex/VibeWatchApp.build/Release-iphonesimulator/VibeWatchApp.build/Objects-normal/arm64/VibeWatchApp.swiftmodule (in target 'VibeWatchApp' from project 'VibeWatchApp')
    cd /Users/nicola/Documents/StartingVibeApps/VibeWatch/.worktrees/data-layer-notifications-refactor/VibeWatch
    builtin-copy -exclude .DS_Store -exclude CVS -exclude .svn -exclude .git -exclude .hg -resolve-src-symlinks -rename /Users/nicola/Library/Developer/Xcode/DerivedData/VibeWatchApp-fejkxouadzscgxcomkozzhgylxpi/Build/Intermediates.noindex/VibeWatchApp.build/Release-iphonesimulator/VibeWatchApp.build/Objects-normal/arm64/VibeWatchApp.swiftmodule /Users/nicola/Library/Developer/Xcode/DerivedData/VibeWatchApp-fejkxouadzscgxcomkozzhgylxpi/Build/Products/Release-iphonesimulator/VibeWatchApp.swiftmodule/arm64-apple-ios-simulator.swiftmodule

GenerateDSYMFile /Users/nicola/Library/Developer/Xcode/DerivedData/VibeWatchApp-fejkxouadzscgxcomkozzhgylxpi/Build/Products/Release-iphonesimulator/VibeWatchApp.app.dSYM /Users/nicola/Library/Developer/Xcode/DerivedData/VibeWatchApp-fejkxouadzscgxcomkozzhgylxpi/Build/Products/Release-iphonesimulator/VibeWatchApp.app/VibeWatchApp (in target 'VibeWatchApp' from project 'VibeWatchApp')
    cd /Users/nicola/Documents/StartingVibeApps/VibeWatch/.worktrees/data-layer-notifications-refactor/VibeWatch
    /Applications/Xcode.app/Contents/Developer/Toolchains/XcodeDefault.xctoolchain/usr/bin/dsymutil /Users/nicola/Library/Developer/Xcode/DerivedData/VibeWatchApp-fejkxouadzscgxcomkozzhgylxpi/Build/Products/Release-iphonesimulator/VibeWatchApp.app/VibeWatchApp -o /Users/nicola/Library/Developer/Xcode/DerivedData/VibeWatchApp-fejkxouadzscgxcomkozzhgylxpi/Build/Products/Release-iphonesimulator/VibeWatchApp.app.dSYM

CopySwiftLibs /Users/nicola/Library/Developer/Xcode/DerivedData/VibeWatchApp-fejkxouadzscgxcomkozzhgylxpi/Build/Products/Release-iphonesimulator/VibeWatchApp.app (in target 'VibeWatchApp' from project 'VibeWatchApp')
    cd /Users/nicola/Documents/StartingVibeApps/VibeWatch/.worktrees/data-layer-notifications-refactor/VibeWatch
    builtin-swiftStdLibTool --copy --verbose --sign - --scan-executable /Users/nicola/Library/Developer/Xcode/DerivedData/VibeWatchApp-fejkxouadzscgxcomkozzhgylxpi/Build/Products/Release-iphonesimulator/VibeWatchApp.app/VibeWatchApp --scan-folder /Users/nicola/Library/Developer/Xcode/DerivedData/VibeWatchApp-fejkxouadzscgxcomkozzhgylxpi/Build/Products/Release-iphonesimulator/VibeWatchApp.app/Frameworks --scan-folder /Users/nicola/Library/Developer/Xcode/DerivedData/VibeWatchApp-fejkxouadzscgxcomkozzhgylxpi/Build/Products/Release-iphonesimulator/VibeWatchApp.app/PlugIns --scan-folder /Users/nicola/Library/Developer/Xcode/DerivedData/VibeWatchApp-fejkxouadzscgxcomkozzhgylxpi/Build/Products/Release-iphonesimulator/VibeWatchApp.app/SystemExtensions --scan-folder /Users/nicola/Library/Developer/Xcode/DerivedData/VibeWatchApp-fejkxouadzscgxcomkozzhgylxpi/Build/Products/Release-iphonesimulator/VibeWatchApp.app/Extensions --platform iphonesimulator --toolchain /Applications/Xcode.app/Contents/Developer/Toolchains/XcodeDefault.xctoolchain --destination /Users/nicola/Library/Developer/Xcode/DerivedData/VibeWatchApp-fejkxouadzscgxcomkozzhgylxpi/Build/Products/Release-iphonesimulator/VibeWatchApp.app/Frameworks --strip-bitcode --strip-bitcode-tool /Applications/Xcode.app/Contents/Developer/Toolchains/XcodeDefault.xctoolchain/usr/bin/bitcode_strip --emit-dependency-info /Users/nicola/Library/Developer/Xcode/DerivedData/VibeWatchApp-fejkxouadzscgxcomkozzhgylxpi/Build/Intermediates.noindex/VibeWatchApp.build/Release-iphonesimulator/VibeWatchApp.build/SwiftStdLibToolInputDependencies.dep --filter-for-swift-os --back-deploy-swift-span

ExtractAppIntentsMetadata (in target 'VibeWatchApp' from project 'VibeWatchApp')
    cd /Users/nicola/Documents/StartingVibeApps/VibeWatch/.worktrees/data-layer-notifications-refactor/VibeWatch
    /Applications/Xcode.app/Contents/Developer/Toolchains/XcodeDefault.xctoolchain/usr/bin/appintentsmetadataprocessor --toolchain-dir /Applications/Xcode.app/Contents/Developer/Toolchains/XcodeDefault.xctoolchain --module-name VibeWatchApp --sdk-root /Applications/Xcode.app/Contents/Developer/Platforms/iPhoneSimulator.platform/Developer/SDKs/iPhoneSimulator26.2.sdk --xcode-version 17C52 --platform-family iOS --deployment-target 18.5 --bundle-identifier com.vibewatch.VibeWatchApp --output /Users/nicola/Library/Developer/Xcode/DerivedData/VibeWatchApp-fejkxouadzscgxcomkozzhgylxpi/Build/Products/Release-iphonesimulator/VibeWatchApp.app --target-triple arm64-apple-ios18.5-simulator --binary-file /Users/nicola/Library/Developer/Xcode/DerivedData/VibeWatchApp-fejkxouadzscgxcomkozzhgylxpi/Build/Products/Release-iphonesimulator/VibeWatchApp.app/VibeWatchApp --dependency-file /Users/nicola/Library/Developer/Xcode/DerivedData/VibeWatchApp-fejkxouadzscgxcomkozzhgylxpi/Build/Intermediates.noindex/VibeWatchApp.build/Release-iphonesimulator/VibeWatchApp.build/Objects-normal/arm64/VibeWatchApp_dependency_info.dat --stringsdata-file /Users/nicola/Library/Developer/Xcode/DerivedData/VibeWatchApp-fejkxouadzscgxcomkozzhgylxpi/Build/Intermediates.noindex/VibeWatchApp.build/Release-iphonesimulator/VibeWatchApp.build/Objects-normal/arm64/ExtractedAppShortcutsMetadata.stringsdata --source-file-list /Users/nicola/Library/Developer/Xcode/DerivedData/VibeWatchApp-fejkxouadzscgxcomkozzhgylxpi/Build/Intermediates.noindex/VibeWatchApp.build/Release-iphonesimulator/VibeWatchApp.build/Objects-normal/arm64/VibeWatchApp.SwiftFileList --metadata-file-list /Users/nicola/Library/Developer/Xcode/DerivedData/VibeWatchApp-fejkxouadzscgxcomkozzhgylxpi/Build/Intermediates.noindex/VibeWatchApp.build/Release-iphonesimulator/VibeWatchApp.build/VibeWatchApp.DependencyMetadataFileList --static-metadata-file-list /Users/nicola/Library/Developer/Xcode/DerivedData/VibeWatchApp-fejkxouadzscgxcomkozzhgylxpi/Build/Intermediates.noindex/VibeWatchApp.build/Release-iphonesimulator/VibeWatchApp.build/VibeWatchApp.DependencyStaticMetadataFileList --swift-const-vals-list /Users/nicola/Library/Developer/Xcode/DerivedData/VibeWatchApp-fejkxouadzscgxcomkozzhgylxpi/Build/Intermediates.noindex/VibeWatchApp.build/Release-iphonesimulator/VibeWatchApp.build/Objects-normal/arm64/VibeWatchApp.SwiftConstValuesFileList --compile-time-extraction --deployment-aware-processing --validate-assistant-intents --no-app-shortcuts-localization
2026-04-29 15:52:17.075 appintentsmetadataprocessor[39427:39047953] Starting appintentsmetadataprocessor export
2026-04-29 15:52:17.077 appintentsmetadataprocessor[39427:39047953] warning: Metadata extraction skipped. No AppIntents.framework dependency found.

CodeSign /Users/nicola/Library/Developer/Xcode/DerivedData/VibeWatchApp-fejkxouadzscgxcomkozzhgylxpi/Build/Products/Release-iphonesimulator/VibeWatchApp.app (in target 'VibeWatchApp' from project 'VibeWatchApp')
    cd /Users/nicola/Documents/StartingVibeApps/VibeWatch/.worktrees/data-layer-notifications-refactor/VibeWatch
    
    Signing Identity:     "Sign to Run Locally"
    
    /usr/bin/codesign --force --sign - --entitlements /Users/nicola/Library/Developer/Xcode/DerivedData/VibeWatchApp-fejkxouadzscgxcomkozzhgylxpi/Build/Intermediates.noindex/VibeWatchApp.build/Release-iphonesimulator/VibeWatchApp.build/VibeWatchApp.app.xcent --timestamp\=none --generate-entitlement-der /Users/nicola/Library/Developer/Xcode/DerivedData/VibeWatchApp-fejkxouadzscgxcomkozzhgylxpi/Build/Products/Release-iphonesimulator/VibeWatchApp.app

Validate /Users/nicola/Library/Developer/Xcode/DerivedData/VibeWatchApp-fejkxouadzscgxcomkozzhgylxpi/Build/Products/Release-iphonesimulator/VibeWatchApp.app (in target 'VibeWatchApp' from project 'VibeWatchApp')
    cd /Users/nicola/Documents/StartingVibeApps/VibeWatch/.worktrees/data-layer-notifications-refactor/VibeWatch
    builtin-validationUtility /Users/nicola/Library/Developer/Xcode/DerivedData/VibeWatchApp-fejkxouadzscgxcomkozzhgylxpi/Build/Products/Release-iphonesimulator/VibeWatchApp.app -validate-for-store -shallow-bundle -infoplist-subpath Info.plist

** BUILD SUCCEEDED **

